text,incident_type
"A gas cylinder exploded in a restaurant kitchen. The shock was felt in nearby streets.","Explosion"
"Update: knee-deep water has been standing in the underpass since morning near Kolkata. Rescue teams are on their way.","Flood"
"Under-construction apartment block fell down in a heap of concrete in Whitefield. The owner has not yet been traced.","Building Collapse"
"Locals say winds gusting over 100 km/h are uprooting trees and tearing off roofing sheets.","Cyclone"
"Breaking: A school van skidded and hit a tree by the roadside near Peenya. Several people are lying on the road. A crane is being called to remove the vehicles.","Road Accident"
"Tropical storm brought violent gusts and sheets of rain, and hoardings have been blown away around Belagavi. The meteorological department has updated its track forecast. Residents are asked to stay indoors.","Cyclone"
"Fire in the woodland has been burning since last night and is now moving uphill.","Wildfire"
"Suspected contamination of the municipal water supply has led to a wave of stomach illness.","Other"
"A transformer blew up with a loud explosion and left the street in darkness in Bengaluru","Explosion"
"Buses have stopped running because the road is under a metre of water. Drinking water supply has stopped. Rescue teams are on their way.","Flood"
"Seismologists have recorded an earthquake with its epicentre close to Pune. Any updates?","Earthquake"
"Trees are down on every road after the storm's strongest winds hit in Bannerghatta Road. Lakhs of people have been shifted to shelters. Officials are tracking the system hourly.","Cyclone"
"Multi-vehicle pile-up on the expressway around Sarjapur Road has brought traffic to a standstill. Ambulances are taking the injured to the nearest hospital.","Road Accident"
"Ash falling on villages near the forest as the blaze spreads across the ridge. Wild animals are moving toward the villages.","Wildfire"
"Group of trekkers reported missing after failing to return from the trail near Kodagu.","Other"
"Seismic activity woke residents at dawn and dogs began barking all over the neighbourhood. Children were crying and neighbours gathered in the open. Experts warn that aftershocks are possible.","Earthquake"
"Sudden shaking of the ground lasted a few seconds in Bengaluru, and phone lines got jammed. Metro services were briefly halted. Disaster management teams are surveying the area.","Earthquake"
"Update: residents of high-rise apartments rushed downstairs as the whole building began vibrating. Some old houses have developed cracks. Experts warn that aftershocks are possible.","Earthquake"
"Urgent: forest department staff are cutting fire lines to stop the blaze from reaching villages in Whitefield. Hundreds of hectares have been affected. Locals are advised to avoid the forest area.","Wildfire"
"Locals say bike skidded and collided with an oncoming car in Koramangala, the rider is unconscious. Ambulances are taking the injured to the nearest hospital.","Road Accident"
"Eyewitnesses report that the upper floors of a shopping complex are covered in smoke and flames at Hebbal. The heat is making it hard to approach. Several fire units are still working on it.","Fire"
"Buses have stopped running because the road is under a metre of water around Hubballi. Pumps are being deployed to clear the water.","Flood"
"Forest department staff are cutting fire lines to stop the blaze from reaching villages. Strong winds are pushing the flames. Nearby settlements are on alert.","Wildfire"
"Eyewitnesses report that the sky went dark and the wind howled all night as the cyclone crossed the coast.","Cyclone"
"A section of the mountain crumbled after days of rain, leaving the pass full of rubble at Hubballi.","Landslide"
"A tempo traveller rammed into a divider and rolled over. The driver fled from the spot. A crane is being called to remove the vehicles.","Road Accident"
"Massive fire near the market area in Indiranagar. Smoke visible from several blocks.","Fire"
"loud bang followed by a shockwave that rattled shops. The shock was felt in nearby streets. Officials have started an inquiry","Explosion"
"Fire in the woodland has been burning since last night and is now moving uphill. The fire is moving faster than the crews can cut breaks. Pray for everyone affected.","Wildfire"
"Gas explosion in a residential lane has damaged the front of two houses. Several workers have been rushed to hospital.","Explosion"
"Reports coming in that sudden outbreak of illness at a hostel in Hubballi; many students are being admitted to hospital. Officials are asking people to keep windows closed. Updates will follow as more information comes in.","Other"
"We heard a deafening boom and saw a mushroom of smoke rising. The shock was felt in nearby streets.","Explosion"
"Ammonia leak from a cold storage unit at Kolkata is causing breathing difficulty for workers. The area has been barricaded. Volunteers are helping at the spot.","Other"
"Gas leak reported in a residential lane; the supply has been shut and no ignition has occurred. Health workers have set up a temporary camp. Authorities are investigating the cause.","Other"
"Urgent: soil collapse on the hill road has cut off several villages near Sarjapur Road. Trees were uprooted and carried down with the soil. Clearing work is expected to take many hours.","Landslide"
"Eyewitnesses report that bamboo groves and teak trees are burning across several hectares. The fire is moving faster than the crews can cut breaks. Locals are advised to avoid the forest area.","Wildfire"
"under-construction apartment block fell down in a heap of concrete. A thick cloud of dust covered the whole lane. Please keep the road clear for rescue vehicles","Building Collapse"
"Fields and hamlets along the canal are underwater after the embankment gave way at Kolkata. Mobile networks are patchy. Authorities are monitoring the water levels.","Flood"
"A balcony slab and the floors below it have caved in in Delhi. Neighbours are digging with their bare hands. Ambulances are waiting at the site.","Building Collapse"
"The old lodge partially collapsed in the night, leaving a huge pile of bricks and beams. Sniffer dogs are being used to look for survivors.","Building Collapse"
"Thatched huts along the beach have been ripped apart by the fierce storm winds. Lakhs of people have been shifted to shelters. Schools and colleges are closed.","Cyclone"
"Update: A tempo traveller rammed into a divider near Whitefield and rolled over. A crane is being called to remove the vehicles.","Road Accident"
"A tanker carrying a hazardous liquid overturned and spilled its contents. Nearby schools have been closed. Health officials are collecting samples.","Other"
"Ground-floor homes are underwater and families are moving to rooftops at Hyderabad. Authorities are monitoring the water levels. Pray for everyone affected.","Flood"
"Pressure vessel ruptured violently at a manufacturing plant around Yelahanka. Debris is scattered over a wide area.","Explosion"
"A mudslide has buried a stretch of the ghat road at Silk Board junction. Police are stopping vehicles at the foothills.","Landslide"
"Urgent: severe heat conditions have sent many people to hospital with heatstroke at Sarjapur Road. Updates will follow as more information comes in.","Other"
"Locals say rescuers are pulling survivors from the remains of a three-storey house that pancaked. A thick cloud of dust covered the whole lane. Please keep the road clear for rescue vehicles.","Building Collapse"
"The river has overflowed its banks and low-lying colonies are submerged around Mumbai. Livestock are stranded on the higher ground.","Flood"
"The hotel's second floor is on fire and guests are being brought down by ladders near Hyderabad. Several floors are affected. Ambulances are on standby.","Fire"
"Flames are racing across a dry grassland around Yelahanka and jumping to nearby scrub. The blaze is visible from far away at night.","Wildfire"
"Cyclone approaching the coast in Mangaluru, fishermen have been told to return to harbour. Mobile towers have gone down.","Cyclone"
"Severe cyclonic storm has begun lashing the shoreline at Bengaluru, with huge waves crashing over the sea wall. Officials are tracking the system hourly.","Cyclone"
"A pedestrian bridge has developed serious cracks and has been closed to the public at Mumbai. The area has been barricaded. Volunteers are helping at the spot.","Other"
"A school van skidded and hit a tree by the roadside in Kalaburagi. Oil is spilled across the carriageway. A crane is being called to remove the vehicles.","Road Accident"
"A hospital ward had to be emptied after burning smells and smoke spread through the corridor. Cylinders are being removed from nearby shops.","Fire"
"Waterlogging on the main road has left cars stranded up to their doors near Electronic City. Volunteers are distributing food packets.","Flood"
"A powerful explosion ripped through a factory in Pune, shattering windows of nearby buildings. Ears were ringing for people standing close by. Officials have started an inquiry.","Explosion"
"Windows cracked in nearby houses after a sudden thunderous blast. Ambulances are shuttling the injured.","Explosion"
"Eyewitnesses report that compound wall of a school gave way and children were pulled out from the debris near Chennai. Adjoining buildings have been evacuated. Ambulances are waiting at the site.","Building Collapse"
"Fire in the reserve forest keeps flaring up despite efforts to douse it. The fire is moving faster than the crews can cut breaks. Authorities are assessing the damage to the reserve.","Wildfire"
"Alert: A school van skidded and hit a tree by the roadside around Kodagu. Traffic is backed up for miles. A crane is being called to remove the vehicles.","Road Accident"
"ground-floor homes are underwater and families are moving to rooftops. Disaster response teams have been called","Flood"
"hillside debris all over the ghat section, no vehicle can pass. Families from the lower houses have moved to a school. Please avoid the ghat section tonight.","Landslide"
"Alert: loud bang followed by a shockwave that rattled shops. Ears were ringing for people standing close by. Please stay away from the site.","Explosion"
"Buses have stopped running because the road is under a metre of water. Pumps are being deployed to clear the water.","Flood"
"Strong tremors felt across the area at Shivamogga. Water in overhead tanks was sloshing over. Authorities are checking for structural damage.","Earthquake"
"Residential fire reported near Silk Board junction, family members trapped on the terrace. Please avoid the road.","Fire"
"compound wall of a school gave way and children were pulled out from the debris around Hosur Road. The owner has not yet been traced","Building Collapse"
"The hillside gave way after several hours of heavy rain, covering the highway with soil and rocks at Hyderabad.","Landslide"
"Alert: several roads have become impassable after water levels rose rapidly following continuous rainfall in Sarjapur Road. Residents say the water rose within an hour. Relief camps are being opened nearby.","Flood"
"Ash falling on villages near the forest near Mangaluru as the blaze spreads across the ridge. Ash is drifting for miles. Authorities are assessing the damage to the reserve.","Wildfire"
"A powerful explosion ripped through a factory around Shivamogga, shattering windows of nearby buildings. Emergency crews are checking for secondary blasts.","Explosion"
"traffic accident at the junction, an auto is lying overturned.","Road Accident"
"Alert: fishing boats are being hauled ashore as a deep depression turns into a cyclonic storm. Sea is extremely rough with huge swells.","Cyclone"
"The storm system intensified overnight and is expected to make landfall by evening. Officials are tracking the system hourly.","Cyclone"
"A short circuit is believed to have started a fire in an office tower. Emergency services have been alerted.","Fire"
"A powerful explosion ripped through a factory in Kolkata, shattering windows of nearby buildings. Bomb disposal and forensic teams have been informed","Explosion"
"Fire in the reserve forest at Rajarajeshwari Nagar keeps flaring up despite efforts to douse it. Authorities are assessing the damage to the reserve. Please share.","Wildfire"
"Reports coming in that extremely severe storm expected to cross the coast in a few hours around Whitefield, with gale-force winds forecast.","Cyclone"
"We heard a deafening boom and saw a mushroom of smoke rising near Hebbal. Ears were ringing for people standing close by. Officials have started an inquiry.","Explosion"
"Dry leaves and brush caught fire at Yelahanka and strong winds are fanning it through the trees. Ash is drifting for miles.","Wildfire"
"Flights and ferries suspended as the cyclone nears the coast. Power has been cut proactively in low-lying zones.","Cyclone"
"trekkers were evacuated after flames swept through the dry forest trail","Wildfire"
"the sky went dark and the wind howled all night as the cyclone crossed the coast. Power has been cut proactively in low-lying zones. Residents are asked to stay indoors","Cyclone"
"The storm system intensified overnight and is expected to make landfall by evening. The meteorological department has updated its track forecast. Please keep a battery-powered radio ready.","Cyclone"
"Panic as the earth trembled in the early hours. No major damage has been reported yet.","Earthquake"
"Group of trekkers reported missing after failing to return from the trail at Electronic City. Hospitals have been told to be ready. Volunteers are helping at the spot.","Other"
"Residential fire reported in Marathahalli, family members trapped on the terrace. Several floors are affected.","Fire"
"Residents were evacuated after thick smoke began filling the upper floors of an apartment near Jayanagar. Cylinders are being removed from nearby shops.","Fire"
"Traffic is stuck because loose soil and stones have come down across the mountain road around Kodagu. Rescuers are digging through the mud by hand. Travellers are advised to take an alternate route.","Landslide"
"Breaking: extremely severe storm expected to cross the coast in a few hours, with gale-force winds forecast. Lakhs of people have been shifted to shelters. Schools and colleges are closed.","Cyclone"
"traffic accident at the junction, an auto is lying overturned. Traffic police are clearing the stretch.","Road Accident"
"The roof of an old market caved in during business hours. Rescue teams are working through the night.","Building Collapse"
"Waterlogging on the main road has left cars stranded up to their doors in Hebbal. Locals are asking for boats.","Flood"
"A summer blaze in the jungle in Shivamogga is out of control and has scorched hundreds of acres.","Wildfire"
"Reports coming in that group of trekkers reported missing after failing to return from the trail.","Other"
"Alert: cyclone approaching the coast, fishermen have been told to return to harbour. Fishermen are advised not to venture into the sea. Please keep a battery-powered radio ready.","Cyclone"
"cyclone approaching the coast near Hosur Road, fishermen have been told to return to harbour","Cyclone"
"Ceiling of a community hall fell on the gathering, several people under concrete slabs. The structure had reportedly been declared unsafe.","Building Collapse"
"The storm system intensified overnight and is expected to make landfall by evening. Mobile towers have gone down.","Cyclone"
"Forest fire spreading rapidly through dry undergrowth. Ash is drifting for miles. Forest guards and volunteers are trying to contain it.","Wildfire"
"A short circuit is believed to have started a fire in an office tower. Firefighters are trying to bring it under control.","Fire"
"A child has been missing since the afternoon near Kolkata, and volunteers are searching the neighbourhood. Health workers have set up a temporary camp. Emergency teams have been informed.","Other"
"A gas cylinder exploded in a restaurant kitchen in Yelahanka.","Explosion"
"trekkers were evacuated after flames swept through the dry forest trail at Delhi. Nearby settlements are on alert","Wildfire"
"many streets are under water.","Flood"
"Motorists are honking in a long jam behind a wrecked sedan and a mangled scooter at Hyderabad. Passersby pulled the injured out of the wreckage. Please use the service road.","Road Accident"
"Compound wall of a school gave way and children were pulled out from the debris.","Building Collapse"
"Car crashed into a parked container truck in dense fog near Chennai. Some passengers were thrown out of the vehicle. Drive carefully around the area.","Road Accident"
"Urgent: building suddenly collapsed in Pune. Cranes are being brought in. Municipal engineers are inspecting nearby structures.","Building Collapse"
"Reports coming in that felt a jolt followed by a rolling shake, ceiling fans swinging wildly near Bannerghatta Road. Officials advise staying in open spaces.","Earthquake"
"ceiling of a community hall fell on the gathering around Kolkata, several people under concrete slabs. Cranes are being brought in. Rescue teams are working through the night","Building Collapse"
"Two-wheeler rider hit by a speeding lorry. The driver fled from the spot.","Road Accident"
"sudden detonation-like sound from the workshop, and people are running away. The cause is not yet known. Police have sealed the area","Explosion"
"Oxygen supply to a hospital is running dangerously low in Shivamogga. Authorities are investigating the cause.","Other"
"Reports coming in that residential fire reported, family members trapped on the terrace. Several floors are affected.","Fire"
"loud bang followed by a shockwave that rattled shops. Several workers have been rushed to hospital.","Explosion"
"Severe cyclonic storm has begun lashing the shoreline in Whitefield, with huge waves crashing over the sea wall. Trains on the coastal line have been cancelled.","Cyclone"
"Seismologists have recorded an earthquake with its epicentre close to Pune. Some old houses have developed cracks. Authorities are checking for structural damage.","Earthquake"
"Several vehicles were involved after one car lost control on the highway in Bengaluru. The front of the car is completely crushed. A crane is being called to remove the vehicles.","Road Accident"
"Alert: trees are down on every road after the storm's strongest winds hit in Kodagu. The meteorological department has updated its track forecast. Officials are tracking the system hourly.","Cyclone"
"We heard a deafening boom and saw a mushroom of smoke rising at Rajarajeshwari Nagar. Please stay away from the site.","Explosion"
"Severe cyclonic storm has begun lashing the shoreline, with huge waves crashing over the sea wall. Sea is extremely rough with huge swells.","Cyclone"
"Tropical storm brought violent gusts and sheets of rain, and hoardings have been blown away. Power has been cut proactively in low-lying zones. Relief teams are on standby.","Cyclone"
"Update: panic as the earth trembled in the early hours in Yelahanka. Some old houses have developed cracks. Officials advise staying in open spaces.","Earthquake"
"Slope failure near a construction site has sent mud and debris onto the lane below. Villagers heard a rumbling sound before it came down. Please avoid the ghat section tonight.","Landslide"
"Breaking: under-construction apartment block fell down in a heap of concrete. Sniffer dogs are being used to look for survivors. Municipal engineers are inspecting nearby structures.","Building Collapse"
"The roof of an old market caved in during business hours. Please keep the road clear for rescue vehicles.","Building Collapse"
"rocks keep falling from the cliff above the road","Landslide"
"Alert: residential fire reported in Mangaluru, family members trapped on the terrace. Police have cordoned off the lane.","Fire"
"Locals say the upper floors of a shopping complex are covered in smoke and flames near Sarjapur Road. Firefighters are trying to bring it under control.","Fire"
"A magnitude 5 quake was recorded and the shaking was felt in several districts. Water in overhead tanks was sloshing over. Disaster management teams are surveying the area.","Earthquake"
"Residents were evacuated after thick smoke began filling the upper floors of an apartment. Several floors are affected. Several fire units are still working on it. Stay safe everyone.","Fire"
"Estate workers' lines were swept away when the hillside slumped around Peenya.","Landslide"
"the old lodge partially collapsed in the night, leaving a huge pile of bricks and beams. Adjoining buildings have been evacuated","Building Collapse"
"Alert: rocks keep falling from the cliff above the road in Hosur Road. Excavators cannot reach the spot yet. Police are stopping vehicles at the foothills.","Landslide"
"Workers were thrown off their feet when a boiler burst at the plant around Hyderabad. There is dust and smoke hanging over the site. Emergency crews are checking for secondary blasts. Any updates?","Explosion"
"Breaking: mass fainting was reported among factory workers due to unidentified fumes.","Other"
"Multi-vehicle pile-up on the expressway around Mysuru has brought traffic to a standstill. Passersby pulled the injured out of the wreckage. Drive carefully around the area.","Road Accident"
"hillside debris all over the ghat section around Yelahanka, no vehicle can pass. The road has been closed in both directions. Police are stopping vehicles at the foothills.","Landslide"
"residents were evacuated after thick smoke began filling the upper floors of an apartment in Koramangala. Power supply to the area has been cut","Fire"
"Heavy rainfall has caused severe flooding, blocking several roads. Volunteers are distributing food packets.","Flood"
"Reports coming in that boulders and debris rolled down the hill and crushed a few houses at the base. Loose rocks are still coming down.","Landslide"
"Eyewitnesses report that an overloaded tipper hit a line of cars waiting at the signal. Drive carefully around the area.","Road Accident"
"Under-construction apartment block fell down in a heap of concrete. A thick cloud of dust covered the whole lane. Any updates?","Building Collapse"
"Speeding cab jumped the median and hit vehicles coming from the other side around Indiranagar. A crane is being called to remove the vehicles.","Road Accident"
"The old lodge partially collapsed in the night near Tumakuru, leaving a huge pile of bricks and beams. Voices can be heard from under the slabs. Please keep the road clear for rescue vehicles.","Building Collapse"
"fire broke out near the main road. Please avoid the road.","Fire"
"The hillside gave way after several hours of heavy rain, covering the highway with soil and rocks. Families from the lower houses have moved to a school.","Landslide"
"The lake breached its bund and water is spreading into nearby layouts. Two-wheelers are floating down the lane. Pumps are being deployed to clear the water.","Flood"
"Alert: A short circuit is believed to have started a fire in an office tower.","Fire"
"Tonnes of earth slipped from the embankment and blocked the railway track at Yelahanka. Loose rocks are still coming down.","Landslide"
"loud bang followed by a shockwave that rattled shops.","Explosion"
"Car crashed into a parked container truck in dense fog. Passersby pulled the injured out of the wreckage. A crane is being called to remove the vehicles.","Road Accident"
"Loud cracking sounds and then the whole structure sank to the ground near Indiranagar. Ambulances are waiting at the site.","Building Collapse"
"Fields and hamlets along the canal are underwater after the embankment gave way around Rajarajeshwari Nagar. Electricity has been switched off in the area. Relief camps are being opened nearby.","Flood"
"Locals say hillside debris all over the ghat section, no vehicle can pass. Villagers heard a rumbling sound before it came down.","Landslide"
"Gas leak reported in a residential lane; the supply has been shut and no ignition has occurred. Many people are anxious and waiting for information. Please follow official advice.","Other"
"Rescue boats are being used to bring people out of inundated apartments at Pune. Children and elderly people are being moved first.","Flood"
"A balcony slab and the floors below it have caved in in Silk Board junction. The structure had reportedly been declared unsafe.","Building Collapse"
"Oxygen supply to a hospital is running dangerously low.","Other"
"A section of the mountain crumbled after days of rain, leaving the pass full of rubble around Marathahalli.","Landslide"
"suspected contamination of the municipal water supply has led to a wave of stomach illness. Officials are asking people to keep windows closed","Other"
"A dilapidated house crumbled while its residents were sleeping. Rescue teams are working through the night.","Building Collapse"
"Pressure vessel ruptured violently at a manufacturing plant around Hyderabad.","Explosion"
"A blaze is tearing through a row of shops. Cylinders are being removed from nearby shops. Emergency services have been alerted.","Fire"
"Orange glow and choking smoke coming from the old warehouse at Whitefield.","Fire"
"The roof of an old market caved in during business hours. Sniffer dogs are being used to look for survivors.","Building Collapse"
"Vehicles collided at high speed near the flyover, glass and metal strewn across the lanes. Airbags deployed but the driver is trapped. Traffic police are clearing the stretch.","Road Accident"
"A multi-storey building gave way without warning and people are trapped under the rubble. The owner has not yet been traced.","Building Collapse"
"Forest fire spreading rapidly through dry undergrowth in Chennai. Ash is drifting for miles. Forest guards and volunteers are trying to contain it.","Wildfire"
"Firefighters are battling a blaze at a textile unit. Shopkeepers are trying to save stock. Fire engines have reached the spot.","Fire"
"bamboo groves and teak trees are burning across several hectares in Mysuru. Wild animals are moving toward the villages","Wildfire"
"Vehicles collided at high speed near the flyover at Hosur Road, glass and metal strewn across the lanes. Traffic is backed up for miles. Drive carefully around the area.","Road Accident"
"A tanker carrying a hazardous liquid overturned and spilled its contents. The area has been barricaded.","Other"
"traffic accident at the junction near Hebbal, an auto is lying overturned.","Road Accident"
"Cracks have appeared on walls after a strong seismic event at Kolkata. Children were crying and neighbours gathered in the open.","Earthquake"
"The subway is submerged and commuters are wading through waist-high water in Shivamogga.","Flood"
"Fire tenders are struggling to reach a burning building in a narrow lane around Whitefield. Nearby buildings are being emptied as a precaution.","Fire"
"Trees are down on every road after the storm's strongest winds hit. Fishermen are advised not to venture into the sea. Schools and colleges are closed.","Cyclone"
"Compound wall of a school gave way and children were pulled out from the debris. Voices can be heard from under the slabs. Rescue teams are working through the night.","Building Collapse"
"Smoke from the burning scrubland around Whitefield has reduced visibility on the forest road. Ash is drifting for miles. Helicopters may be used to douse the flames. Pray for everyone affected.","Wildfire"
"Update: the storm system intensified overnight and is expected to make landfall by evening around Silk Board junction. Fishermen are advised not to venture into the sea.","Cyclone"
"A school van skidded and hit a tree by the roadside in Hosur Road.","Road Accident"
"fire in the woodland has been burning since last night and is now moving uphill. Helicopters may be used to douse the flames","Wildfire"
"Urgent: orange glow and choking smoke coming from the old warehouse. People are trapped inside. Please avoid the road.","Fire"
"Just heard that cracks have appeared on walls after a strong seismic event at Tumakuru. No major damage has been reported yet.","Earthquake"
"severe cyclonic storm has begun lashing the shoreline, with huge waves crashing over the sea wall. Power has been cut proactively in low-lying zones. Please keep a battery-powered radio ready","Cyclone"
"Breaking: two-wheeler rider hit by a speeding lorry. The front of the car is completely crushed. Please use the service road.","Road Accident"
"Just heard that thatched huts along the beach have been ripped apart by the fierce storm winds near Tumakuru. Officials are tracking the system hourly.","Cyclone"
"Rocks keep falling from the cliff above the road. Excavators cannot reach the spot yet.","Landslide"
"Firefighters are battling a blaze at a textile unit. Nearby buildings are being emptied as a precaution.","Fire"
"Eyewitnesses report that fishing boats are being hauled ashore as a deep depression turns into a cyclonic storm. Trains on the coastal line have been cancelled.","Cyclone"
"pedestrian knocked down by a speeding vehicle on the main road near Marathahalli. Police have reached the spot and are diverting traffic","Road Accident"
"Update: A balcony slab and the floors below it have caved in at Yelahanka.","Building Collapse"
"A school van skidded and hit a tree by the roadside. Passersby pulled the injured out of the wreckage. Police have reached the spot and are diverting traffic.","Road Accident"
"gas explosion in a residential lane around Koramangala has damaged the front of two houses. Police have sealed the area","Explosion"
"Everyone in the office felt the floor move; we evacuated to the parking lot at Koramangala. Schools have been asked to inspect their buildings.","Earthquake"
"Severe heat conditions have sent many people to hospital with heatstroke. Please follow official advice.","Other"
"hillside debris all over the ghat section in Belagavi, no vehicle can pass. Excavators cannot reach the spot yet. Please avoid the ghat section tonight.","Landslide"
"A vegetation fire on the hillside is sending smoke across the valley. Ash is drifting for miles. Fire watchers have been posted around the village.","Wildfire"
"Dust cloud rose after an old tenement building folded down. The owner has not yet been traced.","Building Collapse"
"part of the hill cutting slid onto the road at Mumbai, trapping two vehicles. Please avoid the ghat section tonight","Landslide"
"Orange glow and choking smoke coming from the old warehouse. People are trapped inside. Pray for everyone affected.","Fire"
"Urgent: traffic is stuck because loose soil and stones have come down across the mountain road. Villagers heard a rumbling sound before it came down.","Landslide"
"Fishing boats are being hauled ashore as a deep depression turns into a cyclonic storm around Pune. Fishermen are advised not to venture into the sea. Relief teams are on standby.","Cyclone"
"A magnitude 5 quake was recorded and the shaking was felt in several districts at Bengaluru. Gas supply was shut off as a precaution. Authorities are checking for structural damage.","Earthquake"
"the upper floors of a shopping complex are covered in smoke and flames in Shivamogga","Fire"
"Radiation warning sign found at an abandoned clinic at Hosur Road, and the area has been cordoned off. Some residents have complained of dizziness. Emergency teams have been informed.","Other"
"A dilapidated house crumbled while its residents were sleeping in Hosur Road. Neighbours are digging with their bare hands. Municipal engineers are inspecting nearby structures","Building Collapse"
"Vehicles collided at high speed near the flyover near Mysuru, glass and metal strewn across the lanes. Several people are lying on the road. Please use the service road.","Road Accident"
"Stormwater drains are overflowing and dirty water is flowing into homes in Marathahalli. Volunteers are distributing food packets.","Flood"
"Water has entered several houses.","Flood"
"Loud explosion reported, car alarms going off across the neighbourhood.","Explosion"
"Eyewitnesses report that thick black smoke is pouring out of a residential block. Cylinders are being removed from nearby shops. Several fire units are still working on it.","Fire"
"Under-construction apartment block fell down in a heap of concrete around Kolkata. The owner has not yet been traced.","Building Collapse"
"Two-wheeler rider hit by a speeding lorry. Oil is spilled across the carriageway. Ambulances are taking the injured to the nearest hospital.","Road Accident"
"Multiple aftershocks have been felt through the night near Rajarajeshwari Nagar. Metro services were briefly halted. Officials advise staying in open spaces.","Earthquake"
"Dozens of guests fell ill after a wedding meal near Rajarajeshwari Nagar, several needing urgent treatment. Health officials are collecting samples.","Other"
"Seismic activity woke residents at dawn around Chennai and dogs began barking all over the neighbourhood. Children were crying and neighbours gathered in the open.","Earthquake"
"A pedestrian bridge has developed serious cracks and has been closed to the public. Many people are anxious and waiting for information. Updates will follow as more information comes in.","Other"
"Severe cyclonic storm has begun lashing the shoreline, with huge waves crashing over the sea wall. Trains on the coastal line have been cancelled. Evacuation of coastal villages is underway. Stay safe everyone.","Cyclone"
"Firefighters are battling a blaze at a textile unit at Hyderabad. Nearby buildings are being emptied as a precaution. Emergency services have been alerted.","Fire"
"Soil collapse on the hill road has cut off several villages. Loose rocks are still coming down. Travellers are advised to take an alternate route.","Landslide"
"Earthquake reported at Kalaburagi, people are standing outside their homes. Children were crying and neighbours gathered in the open.","Earthquake"
"The sky went dark and the wind howled all night as the cyclone crossed the coast.","Cyclone"
"Soil collapse on the hill road has cut off several villages. Please avoid the ghat section tonight.","Landslide"
"An overloaded tipper hit a line of cars waiting at the signal at Kolkata. Oil is spilled across the carriageway.","Road Accident"
"Huge blast heard near the industrial area at Shivamogga.","Explosion"
"A summer blaze in the jungle in Indiranagar is out of control and has scorched hundreds of acres. The terrain makes it hard for crews to reach the area. Authorities are assessing the damage to the reserve.","Wildfire"
"The storm system intensified overnight and is expected to make landfall by evening.","Cyclone"
"A gas cylinder exploded in a restaurant kitchen. Injured people are being carried out on stretchers. Officials have started an inquiry.","Explosion"
"The roof of an old market caved in during business hours. Neighbours are digging with their bare hands.","Building Collapse"
"Just heard that firecracker unit blast has left several people injured in Delhi. Ears were ringing for people standing close by.","Explosion"
"Sparks from a transformer set a shop shutter alight near Kodagu and the flames are spreading fast. Two people are feared to be inside. Please avoid the road.","Fire"
"fire broke out near the main road around Mumbai. Police have cordoned off the lane.","Fire"
"Buses have stopped running because the road is under a metre of water near Sarjapur Road.","Flood"
"Water released from the dam is rising rapidly along the riverside villages. Volunteers are distributing food packets.","Flood"
"Stormwater drains are overflowing and dirty water is flowing into homes. Volunteers are distributing food packets.","Flood"
"Mass fainting was reported among factory workers due to unidentified fumes. The area has been barricaded. Volunteers are helping at the spot.","Other"
"Earthquake reported, people are standing outside their homes. No major damage has been reported yet.","Earthquake"
"Breaking: storm surge is pushing seawater into coastal hamlets while the cyclone's eye nears. Power has been cut proactively in low-lying zones. Please keep a battery-powered radio ready.","Cyclone"
"Just heard that flights and ferries suspended as the cyclone nears the coast near Kodagu. Sea is extremely rough with huge swells. Schools and colleges are closed.","Cyclone"
"A vegetation fire on the hillside is sending smoke across the valley. The blaze is visible from far away at night. Helicopters may be used to douse the flames","Wildfire"
"Update: slope failure near a construction site has sent mud and debris onto the lane below. Rescuers are digging through the mud by hand.","Landslide"
"Just heard that smoke from the burning scrubland around Hosur Road has reduced visibility on the forest road. Wild animals are moving toward the villages.","Wildfire"
"Huge blast heard near the industrial area in Hubballi. Injured people are being carried out on stretchers. Bomb disposal and forensic teams have been informed.","Explosion"
"Several roads have become impassable after water levels rose rapidly following continuous rainfall at Mangaluru. The water level is still going up. Rescue teams are on their way.","Flood"
"Heavy rainfall has caused severe flooding, blocking several roads.","Flood"
"A summer blaze in the jungle is out of control and has scorched hundreds of acres. Wild animals are moving toward the villages. Authorities are assessing the damage to the reserve.","Wildfire"
"Fire tenders are struggling to reach a burning building in a narrow lane around Hebbal. Shopkeepers are trying to save stock.","Fire"
"Waterlogging on the main road has left cars stranded up to their doors. Mobile networks are patchy. Please share.","Flood"
"A mudslide has buried a stretch of the ghat road. The road has been closed in both directions.","Landslide"
"Several vehicles were involved after one car lost control on the highway. The driver fled from the spot. Traffic police are clearing the stretch.","Road Accident"
"Urgent: dozens of guests fell ill after a wedding meal, several needing urgent treatment. Volunteers are helping at the spot.","Other"
"Forest department staff are cutting fire lines to stop the blaze from reaching villages near Whitefield. Villagers have been asked to stay alert. Authorities are assessing the damage to the reserve.","Wildfire"
"Overhead high-tension cable fell on the road, and residents are asked not to step out. The source is being identified. Health officials are collecting samples.","Other"
"Hundreds stranded at the station after a sudden strike, with elderly passengers needing medical help. Health workers have set up a temporary camp. Authorities are investigating the cause.","Other"
"A wall of a residential structure came down onto the lane, burying two parked cars. Rescue teams are working through the night.","Building Collapse"
"A bus and a truck collided head-on, leaving many passengers injured. Passersby pulled the injured out of the wreckage. Ambulances are taking the injured to the nearest hospital.","Road Accident"
"Motorists are honking in a long jam behind a wrecked sedan and a mangled scooter. Traffic police are clearing the stretch.","Road Accident"
"Urgent: fishing boats are being hauled ashore as a deep depression turns into a cyclonic storm in Jayanagar. Power has been cut proactively in low-lying zones. Residents are asked to stay indoors.","Cyclone"
"Felt a jolt followed by a rolling shake, ceiling fans swinging wildly.","Earthquake"
"Massive fire near the market area around Delhi. Smoke visible from several blocks. Nearby buildings are being emptied as a precaution. Please avoid the road.","Fire"
"Red alert has been issued for the coast as the cyclone intensifies. Mobile towers have gone down.","Cyclone"
"Fire tenders are struggling to reach a burning building in a narrow lane. Cylinders are being removed from nearby shops. Ambulances are on standby.","Fire"
"Flights and ferries suspended as the cyclone nears the coast around Mysuru. Power has been cut proactively in low-lying zones.","Cyclone"
"Just heard that A bus and a truck collided head-on in Hubballi, leaving many passengers injured. Some passengers were thrown out of the vehicle. Police have reached the spot and are diverting traffic.","Road Accident"
"Reports coming in that road blocked by mud and rocks that came down from the slope in Indiranagar.","Landslide"
"Urgent: A summer blaze in the jungle is out of control and has scorched hundreds of acres. Strong winds are pushing the flames.","Wildfire"
"Rocks keep falling from the cliff above the road. Loose rocks are still coming down. Disaster teams have reached the spot.","Landslide"
"Forest fire spreading rapidly through dry undergrowth. Locals are advised to avoid the forest area.","Wildfire"
"Overhead high-tension cable fell on the road around Whitefield, and residents are asked not to step out. Officials are asking people to keep windows closed. Stay safe everyone.","Other"
"Breaking: residents report that tap water has turned yellow and smells of sewage; several people are sick. The source is being identified.","Other"
"Hanging lamps swayed and utensils rattled for several seconds. Gas supply was shut off as a precaution. Disaster management teams are surveying the area.","Earthquake"
"Update: dry leaves and brush caught fire in Bannerghatta Road and strong winds are fanning it through the trees. Strong winds are pushing the flames.","Wildfire"
"Pedestrian knocked down by a speeding vehicle on the main road. Passersby pulled the injured out of the wreckage. Please use the service road.","Road Accident"
"Felt a jolt followed by a rolling shake, ceiling fans swinging wildly. No major damage has been reported yet. Disaster management teams are surveying the area. Pray for everyone affected.","Earthquake"
"Flames are racing across a dry grassland at Chennai and jumping to nearby scrub. The blaze is visible from far away at night. Fire watchers have been posted around the village.","Wildfire"
"An apartment kitchen caught fire and the flames spread to neighbouring flats around Tumakuru. Water tankers are being called in.","Fire"
"The storm system intensified overnight and is expected to make landfall by evening in Mumbai. Lakhs of people have been shifted to shelters.","Cyclone"
"Group of trekkers reported missing after failing to return from the trail. Health workers have set up a temporary camp. Updates will follow as more information comes in.","Other"
"Locals say under-construction apartment block fell down in a heap of concrete. NDRF personnel have arrived.","Building Collapse"
"Winds gusting over 100 km/h are uprooting trees and tearing off roofing sheets. The meteorological department has updated its track forecast.","Cyclone"
"The hotel's second floor is on fire and guests are being brought down by ladders. Ambulances are on standby.","Fire"
"Fields and hamlets along the canal are underwater after the embankment gave way at Hosur Road.","Flood"
"gas explosion in a residential lane around Indiranagar has damaged the front of two houses. Injured people are being carried out on stretchers. Officials have started an inquiry","Explosion"
"slope failure near a construction site has sent mud and debris onto the lane below. Excavators cannot reach the spot yet","Landslide"
"Hanging lamps swayed and utensils rattled for several seconds near Mumbai. Children were crying and neighbours gathered in the open.","Earthquake"
"people were asked to leave their homes and gather at the community centre as a precaution, though the reason is unclear. Nearby schools have been closed. Health officials are collecting samples","Other"
"the old lodge partially collapsed in the night, leaving a huge pile of bricks and beams. A thick cloud of dust covered the whole lane","Building Collapse"
"Huge blast heard near the industrial area in Delhi. Ears were ringing for people standing close by.","Explosion"
"Update: A magnitude 5 quake was recorded and the shaking was felt in several districts.","Earthquake"
"The hillside gave way after several hours of heavy rain, covering the highway with soil and rocks. Officials warn of further slips if rain continues.","Landslide"
"Cracks have appeared on walls after a strong seismic event. Metro services were briefly halted.","Earthquake"
"Water has entered several houses. Livestock are stranded on the higher ground. Relief camps are being opened nearby.","Flood"
"Whole hillsides glowing orange at night as the forest burns. Wild animals are moving toward the villages.","Wildfire"
"Windows cracked in nearby houses after a sudden thunderous blast. Ears were ringing for people standing close by.","Explosion"
"Gas explosion in a residential lane near Kalaburagi has damaged the front of two houses. The cause is not yet known. Police have sealed the area.","Explosion"
"Rocks keep falling from the cliff above the road. Disaster teams have reached the spot.","Landslide"
"fields and hamlets along the canal are underwater after the embankment gave way around Mangaluru. The water level is still going up. Rescue teams are on their way","Flood"
"Fire in the woodland has been burning since last night and is now moving uphill. The fire is moving faster than the crews can cut breaks.","Wildfire"
"Alert: slope failure near a construction site near Belagavi has sent mud and debris onto the lane below. The road has been closed in both directions.","Landslide"
"Bamboo groves and teak trees are burning across several hectares.","Wildfire"
"A balcony slab and the floors below it have caved in in Peenya. Labourers are believed to be under the debris. Municipal engineers are inspecting nearby structures.","Building Collapse"
"Seismologists have recorded an earthquake with its epicentre close to Kalaburagi. Some old houses have developed cracks.","Earthquake"
"Urgent: seismic activity woke residents at dawn and dogs began barking all over the neighbourhood. Gas supply was shut off as a precaution.","Earthquake"
"A section of the mountain crumbled after days of rain, leaving the pass full of rubble.","Landslide"
"Vehicles collided at high speed near the flyover at Hebbal, glass and metal strewn across the lanes. Police have reached the spot and are diverting traffic.","Road Accident"
"Stormwater drains are overflowing and dirty water is flowing into homes. Children and elderly people are being moved first. Relief camps are being opened nearby.","Flood"
"Hanging lamps swayed and utensils rattled for several seconds in Tumakuru. People are afraid to go back indoors. Authorities are checking for structural damage.","Earthquake"
"A pedestrian bridge has developed serious cracks and has been closed to the public. Updates will follow as more information comes in.","Other"
"The river has overflowed its banks and low-lying colonies are submerged. Locals are asking for boats.","Flood"
"Fire tenders are struggling to reach a burning building in a narrow lane in Tumakuru. Residents are running out onto the street. Firefighters are trying to bring it under control.","Fire"
"A major water pipeline has failed and thousands of households have no supply.","Other"
"Smoke from the burning scrubland has reduced visibility on the forest road. Ash is drifting for miles.","Wildfire"
"Hanging lamps swayed and utensils rattled for several seconds near Bannerghatta Road. Children were crying and neighbours gathered in the open. Schools have been asked to inspect their buildings.","Earthquake"
"Muddy debris flowed down the steep slope and covered the road.","Landslide"
"state transport bus veered off the road and fell into a ditch. Passersby pulled the injured out of the wreckage","Road Accident"
"A school van skidded and hit a tree by the roadside. Airbags deployed but the driver is trapped.","Road Accident"
"A bus depot is burning and several parked vehicles have been gutted. Fire engines have reached the spot.","Fire"
"building suddenly collapsed. Cranes are being brought in.","Building Collapse"
"An explosion at a chemical unit sent debris flying across the compound at Tumakuru. There is dust and smoke hanging over the site. Officials have started an inquiry.","Explosion"
"An apartment kitchen caught fire and the flames spread to neighbouring flats. Several floors are affected.","Fire"
"Reports coming in that cyclone landfall has caused power lines to snap across the coastal belt. Trains on the coastal line have been cancelled. Relief teams are on standby.","Cyclone"
"The roof of an old market caved in during business hours. Sniffer dogs are being used to look for survivors. Municipal engineers are inspecting nearby structures.","Building Collapse"
"A child has been missing since the afternoon, and volunteers are searching the neighbourhood. Please follow official advice.","Other"
"earthquake reported, people are standing outside their homes. Children were crying and neighbours gathered in the open. Experts warn that aftershocks are possible","Earthquake"
"several vehicles were involved after one car lost control on the highway. Traffic is backed up for miles. A crane is being called to remove the vehicles","Road Accident"
"Residents of high-rise apartments rushed downstairs as the whole building began vibrating. Children were crying and neighbours gathered in the open. Please keep phone lines free for emergencies.","Earthquake"
"Gas leak reported in a residential lane near Shivamogga; the supply has been shut and no ignition has occurred. Some residents have complained of dizziness. Health officials are collecting samples.","Other"
"Urgent: under-construction apartment block fell down in a heap of concrete at Bengaluru. Voices can be heard from under the slabs.","Building Collapse"
"fire broke out near the main road. The heat is making it hard to approach. Water tankers are being called in.","Fire"
"trees are down on every road after the storm's strongest winds hit near Rajarajeshwari Nagar. Mobile towers have gone down. Officials are tracking the system hourly","Cyclone"
"Thick black smoke is pouring out of a residential block.","Fire"
"Update: cyclone landfall has caused power lines to snap across the coastal belt. Mobile towers have gone down.","Cyclone"
"Locals say hundreds stranded at the station after a sudden strike, with elderly passengers needing medical help. Health workers have set up a temporary camp.","Other"
"Just heard that road blocked by mud and rocks that came down from the slope in Shivamogga. Police are stopping vehicles at the foothills.","Landslide"
"Under-construction apartment block fell down in a heap of concrete around Mumbai. Municipal engineers are inspecting nearby structures. Any updates?","Building Collapse"
"Loud cracking sounds and then the whole structure sank to the ground. Voices can be heard from under the slabs. Municipal engineers are inspecting nearby structures.","Building Collapse"
"Alert: storm surge is pushing seawater into coastal hamlets while the cyclone's eye nears in Peenya. Power has been cut proactively in low-lying zones. Residents are asked to stay indoors.","Cyclone"
"Dry leaves and brush caught fire and strong winds are fanning it through the trees. Ash is drifting for miles. Helicopters may be used to douse the flames.","Wildfire"
"Bamboo groves and teak trees are burning across several hectares in Hubballi.","Wildfire"
"Buses have stopped running because the road is under a metre of water. Mobile networks are patchy. Please avoid travelling through this stretch.","Flood"
"Strong tremors felt across the area near Hyderabad. People are afraid to go back indoors. Disaster management teams are surveying the area.","Earthquake"
"stormwater drains are overflowing and dirty water is flowing into homes. Pumps are being deployed to clear the water","Flood"
"Seismologists have recorded an earthquake with its epicentre close to Indiranagar. No major damage has been reported yet.","Earthquake"
"Locals say water released from the dam is rising rapidly along the riverside villages. Mobile networks are patchy. Pumps are being deployed to clear the water.","Flood"
"Two-wheeler rider hit by a speeding lorry. Several people are lying on the road. Please use the service road.","Road Accident"
"Eyewitnesses report that scaffolding and the slab it was holding up came crashing down at a construction site. Neighbours are digging with their bare hands. Municipal engineers are inspecting nearby structures.","Building Collapse"
"hillside debris all over the ghat section, no vehicle can pass.","Landslide"
"A tempo traveller rammed into a divider near Whitefield and rolled over. Police have reached the spot and are diverting traffic.","Road Accident"
"Gas explosion in a residential lane has damaged the front of two houses. Bomb disposal and forensic teams have been informed.","Explosion"
"Ceiling of a community hall fell on the gathering, several people under concrete slabs. The structure had reportedly been declared unsafe. NDRF personnel have arrived.","Building Collapse"
"rocks keep falling from the cliff above the road. Excavators cannot reach the spot yet","Landslide"
"the hotel's second floor is on fire and guests are being brought down by ladders in Bannerghatta Road. Shopkeepers are trying to save stock. Several fire units are still working on it","Fire"
"A bus depot is burning and several parked vehicles have been gutted at Kodagu. Ambulances are on standby","Fire"
"Burning plastic smell and heavy smoke from a scrapyard. Several floors are affected.","Fire"
"A gas cylinder exploded in a restaurant kitchen. There is dust and smoke hanging over the site. Bomb disposal and forensic teams have been informed.","Explosion"
"Earthquake reported, people are standing outside their homes. People are afraid to go back indoors.","Earthquake"
"The lake breached its bund and water is spreading into nearby layouts around Bengaluru.","Flood"
"An overloaded tipper hit a line of cars waiting at the signal. Several people are lying on the road. Drive carefully around the area.","Road Accident"
"Update: ammonia leak from a cold storage unit is causing breathing difficulty for workers.","Other"
"Alert: suspected contamination of the municipal water supply has led to a wave of stomach illness.","Other"
"Fire in a slum cluster near Hubballi has gutted dozens of huts. Several fire units are still working on it. Any updates?","Fire"
"Water released from the dam is rising rapidly along the riverside villages near Indiranagar. Children and elderly people are being moved first. Rescue teams are on their way.","Flood"
"Group of trekkers reported missing after failing to return from the trail in Hyderabad.","Other"
"Flames are racing across a dry grassland at Hebbal and jumping to nearby scrub. Villagers have been asked to stay alert. Locals are advised to avoid the forest area.","Wildfire"
"Tropical storm brought violent gusts and sheets of rain, and hoardings have been blown away around Whitefield. Mobile towers have gone down.","Cyclone"
"The old lodge partially collapsed in the night, leaving a huge pile of bricks and beams. The structure had reportedly been declared unsafe.","Building Collapse"
"Update: severe cyclonic storm has begun lashing the shoreline, with huge waves crashing over the sea wall. Power has been cut proactively in low-lying zones. Officials are tracking the system hourly.","Cyclone"
"Mass fainting was reported among factory workers due to unidentified fumes. Health workers have set up a temporary camp. Please follow official advice.","Other"
"A mudslide has buried a stretch of the ghat road. Trees were uprooted and carried down with the soil. Officials warn of further slips if rain continues. Stay safe everyone.","Landslide"
"The slope collapsed overnight and homes on the lower side are buried under earth. Trees were uprooted and carried down with the soil. Please avoid the ghat section tonight.","Landslide"
"Storm surge is pushing seawater into coastal hamlets while the cyclone's eye nears in Kodagu. Coastal roads are littered with fallen trees.","Cyclone"
"Severe cyclonic storm has begun lashing the shoreline, with huge waves crashing over the sea wall. Power has been cut proactively in low-lying zones. Stay safe everyone.","Cyclone"
"A multi-storey building gave way without warning and people are trapped under the rubble near Pune. Adjoining buildings have been evacuated. Municipal engineers are inspecting nearby structures.","Building Collapse"
"An overloaded tipper hit a line of cars waiting at the signal in Rajarajeshwari Nagar. Several people are lying on the road.","Road Accident"
"Breaking: knee-deep water has been standing in the underpass since morning. Disaster response teams have been called.","Flood"
"A tanker carrying a hazardous liquid overturned and spilled its contents. The area has been barricaded. Emergency teams have been informed.","Other"
"Slope failure near a construction site in Rajarajeshwari Nagar has sent mud and debris onto the lane below.","Landslide"
"Knee-deep water has been standing in the underpass since morning. Volunteers are distributing food packets.","Flood"
"Flames are racing across a dry grassland and jumping to nearby scrub. The fire is moving faster than the crews can cut breaks.","Wildfire"
"Locals say an explosion at a chemical unit sent debris flying across the compound.","Explosion"
"A transformer blew up with a loud explosion and left the street in darkness at Rajarajeshwari Nagar.","Explosion"
"A blaze is tearing through a row of shops near Rajarajeshwari Nagar. The smoke is visible from a kilometre away. Please avoid the road.","Fire"
"Flames are racing across a dry grassland at Bannerghatta Road and jumping to nearby scrub. The terrain makes it hard for crews to reach the area.","Wildfire"
"Ash falling on villages near the forest as the blaze spreads across the ridge. Villagers have been asked to stay alert.","Wildfire"
"Water has entered several houses. Locals are asking for boats. Authorities are monitoring the water levels.","Flood"
"Forest fire spreading rapidly through dry undergrowth. Strong winds are pushing the flames.","Wildfire"
"Locals say residents report that tap water has turned yellow and smells of sewage; several people are sick. Officials are asking people to keep windows closed. Volunteers are helping at the spot.","Other"
"Traffic is stuck because loose soil and stones have come down across the mountain road. Officials warn of further slips if rain continues.","Landslide"
"Just heard that storm surge is pushing seawater into coastal hamlets while the cyclone's eye nears. Lakhs of people have been shifted to shelters.","Cyclone"
"Fishing boats are being hauled ashore as a deep depression turns into a cyclonic storm. Coastal roads are littered with fallen trees.","Cyclone"
"Rocks keep falling from the cliff above the road at Hosur Road. Villagers heard a rumbling sound before it came down.","Landslide"
"Urgent: compound wall of a school gave way and children were pulled out from the debris near Shivamogga. A thick cloud of dust covered the whole lane. The owner has not yet been traced.","Building Collapse"
"Cyclone approaching the coast, fishermen have been told to return to harbour. Please keep a battery-powered radio ready.","Cyclone"
"We heard a deafening boom and saw a mushroom of smoke rising around Hebbal. Ambulances are shuttling the injured.","Explosion"
"Buildings shook for nearly half a minute and people ran out onto the streets. Some old houses have developed cracks.","Earthquake"
"Strong tremors felt across the area. Water in overhead tanks was sloshing over.","Earthquake"
"the ground started shaking suddenly and furniture moved across the room. Social media is full of people asking if others felt it","Earthquake"
"A section of the mountain crumbled after days of rain, leaving the pass full of rubble. Loose rocks are still coming down. Disaster teams have reached the spot.","Landslide"
"Locals say slope failure near a construction site has sent mud and debris onto the lane below. Families from the lower houses have moved to a school. Disaster teams have reached the spot.","Landslide"
"A balcony slab and the floors below it have caved in.","Building Collapse"
"Vehicles collided at high speed near the flyover around Tumakuru, glass and metal strewn across the lanes. Passersby pulled the injured out of the wreckage. A crane is being called to remove the vehicles.","Road Accident"
"The hillside gave way after several hours of heavy rain, covering the highway with soil and rocks. Excavators cannot reach the spot yet.","Landslide"
"A powerful explosion ripped through a factory around Yelahanka, shattering windows of nearby buildings. The shock was felt in nearby streets. Officials have started an inquiry.","Explosion"
"Urgent: pressure vessel ruptured violently at a manufacturing plant around Jayanagar. Emergency crews are checking for secondary blasts.","Explosion"
"Suspected contamination of the municipal water supply in Mumbai has led to a wave of stomach illness. Officials are asking people to keep windows closed. Please share.","Other"
"Hundreds stranded at the station after a sudden strike, with elderly passengers needing medical help around Peenya. Some residents have complained of dizziness. Volunteers are helping at the spot.","Other"
"Mass fainting was reported among factory workers at Chikkamagaluru due to unidentified fumes.","Other"
"A dilapidated house crumbled while its residents were sleeping. Voices can be heard from under the slabs. Rescue teams are working through the night.","Building Collapse"
"Rocks keep falling from the cliff above the road. Villagers heard a rumbling sound before it came down. Clearing work is expected to take many hours.","Landslide"
"Urgent: traffic is stuck because loose soil and stones have come down across the mountain road in Mumbai. Disaster teams have reached the spot.","Landslide"
"Update: A major fire has broken out in a commercial building around Electronic City. Residents are running out onto the street. Several fire units are still working on it.","Fire"
"A bus depot is burning and several parked vehicles have been gutted. Power supply to the area has been cut. Water tankers are being called in.","Fire"
"Urgent: pedestrian knocked down by a speeding vehicle on the main road around Shivamogga. The front of the car is completely crushed. Police have reached the spot and are diverting traffic.","Road Accident"
"Residents were evacuated after thick smoke began filling the upper floors of an apartment around Mysuru. Residents are running out onto the street. Emergency services have been alerted.","Fire"
"Forest fire spreading rapidly through dry undergrowth in Mangaluru. The fire is moving faster than the crews can cut breaks. Pray for everyone affected.","Wildfire"
"Fire tenders are struggling to reach a burning building in a narrow lane around Marathahalli.","Fire"
"Rescue boats are being used to bring people out of inundated apartments around Belagavi. Children and elderly people are being moved first. Volunteers are distributing food packets.","Flood"
"Gas explosion in a residential lane in Bannerghatta Road has damaged the front of two houses. Ambulances are shuttling the injured.","Explosion"
"A gas cylinder exploded in a restaurant kitchen around Mumbai. The shock was felt in nearby streets.","Explosion"
"Alert: the roof of an old market caved in during business hours. Please keep the road clear for rescue vehicles.","Building Collapse"
"many streets are under water at Shivamogga. Drinking water supply has stopped. Relief camps are being opened nearby.","Flood"
"Vehicles collided at high speed near the flyover around Kalaburagi, glass and metal strewn across the lanes.","Road Accident"
"Bamboo groves and teak trees are burning across several hectares. Ash is drifting for miles. Forest guards and volunteers are trying to contain it.","Wildfire"
"fire in the reserve forest around Belagavi keeps flaring up despite efforts to douse it. Villagers have been asked to stay alert","Wildfire"
"part of the hill cutting slid onto the road near Silk Board junction, trapping two vehicles. Excavators cannot reach the spot yet","Landslide"
"Fumes from a pesticide store are drifting into a residential area in Shivamogga. The source is being identified.","Other"
"Oxygen supply to a hospital is running dangerously low near Tumakuru. Nearby schools have been closed.","Other"
"Update: the old lodge partially collapsed in the night, leaving a huge pile of bricks and beams. The structure had reportedly been declared unsafe. Ambulances are waiting at the site.","Building Collapse"
"Huge blast heard near the industrial area. Ambulances are shuttling the injured.","Explosion"
"the river has overflowed its banks and low-lying colonies are submerged. Volunteers are distributing food packets","Flood"
"Update: estate workers' lines were swept away when the hillside slumped around Koramangala. Villagers heard a rumbling sound before it came down.","Landslide"
"Dust cloud rose after an old tenement building folded down near Sarjapur Road. Please keep the road clear for rescue vehicles.","Building Collapse"
"Update: waterlogging on the main road has left cars stranded up to their doors in Kodagu. Schools have been shut for the day.","Flood"
"Alert: cracks have appeared on walls after a strong seismic event. No major damage has been reported yet. Officials advise staying in open spaces.","Earthquake"
"A major water pipeline has failed and thousands of households have no supply around Rajarajeshwari Nagar. Many people are anxious and waiting for information","Other"
"Vehicles collided at high speed near the flyover, glass and metal strewn across the lanes. Ambulances are taking the injured to the nearest hospital. Pray for everyone affected.","Road Accident"
"Update: cracks have appeared on walls after a strong seismic event around Mumbai. Officials advise staying in open spaces.","Earthquake"
"A dilapidated house crumbled while its residents were sleeping. Labourers are believed to be under the debris.","Building Collapse"
"fire broke out near the main road. The heat is making it hard to approach. Please avoid the road.","Fire"
"Felt a jolt followed by a rolling shake, ceiling fans swinging wildly. Please keep phone lines free for emergencies.","Earthquake"
"Forest department staff are cutting fire lines to stop the blaze from reaching villages.","Wildfire"
"many streets are under water around Bengaluru. Livestock are stranded on the higher ground. Rescue teams are on their way","Flood"
"Tropical storm brought violent gusts and sheets of rain, and hoardings have been blown away. Lakhs of people have been shifted to shelters. Officials are tracking the system hourly.","Cyclone"
"Update: rescuers are pulling survivors from the remains of a three-storey house that pancaked. Adjoining buildings have been evacuated. Rescue teams are working through the night.","Building Collapse"
"A bus and a truck collided head-on, leaving many passengers injured. Traffic police are clearing the stretch. Any updates?","Road Accident"
"A tanker carrying a hazardous liquid overturned and spilled its contents. Volunteers are helping at the spot.","Other"
"Seismologists have recorded an earthquake with its epicentre close to Electronic City. People are afraid to go back indoors. Authorities are checking for structural damage.","Earthquake"
"Water released from the dam is rising rapidly along the riverside villages. Children and elderly people are being moved first. Disaster response teams have been called.","Flood"
"Update: muddy debris flowed down the steep slope and covered the road. More cracks are visible on the hillside. Travellers are advised to take an alternate route.","Landslide"
"Wildfire has reached the edge of a national park, and animals are seen fleeing.","Wildfire"
"Red alert has been issued for the coast as the cyclone intensifies. Relief teams are on standby. Please share.","Cyclone"
"Residents report that tap water has turned yellow and smells of sewage; several people are sick. The area has been barricaded.","Other"
"Huge blast heard near the industrial area. Bomb disposal and forensic teams have been informed.","Explosion"
"A gas cylinder exploded in a restaurant kitchen.","Explosion"
"Alert: sections of a commercial complex have fallen in on themselves. The structure had reportedly been declared unsafe.","Building Collapse"
"Rescuers are pulling survivors from the remains of a three-storey house that pancaked. The structure had reportedly been declared unsafe.","Building Collapse"
"fire broke out near the main road at Kodagu. Police have cordoned off the lane.","Fire"
"fire broke out near the main road. Several floors are affected. Fire engines have reached the spot. Pray for everyone affected.","Fire"
"A tempo traveller rammed into a divider and rolled over. Drive carefully around the area.","Road Accident"
"An overloaded tipper hit a line of cars waiting at the signal near Chikkamagaluru.","Road Accident"
"Oxygen supply to a hospital is running dangerously low. The area has been barricaded. Please follow official advice.","Other"
"Panic as the earth trembled in the early hours. Gas supply was shut off as a precaution. Disaster management teams are surveying the area.","Earthquake"
"Foul-smelling chemical leak from a storage tank near Hubballi, residents complaining of burning eyes and cough. Some residents have complained of dizziness. Authorities are investigating the cause.","Other"
"Locals say firecracker unit blast has left several people injured near Hosur Road.","Explosion"
"Motorists are honking in a long jam behind a wrecked sedan and a mangled scooter. Please use the service road. Stay safe everyone.","Road Accident"
"A child has been missing since the afternoon, and volunteers are searching the neighbourhood. Please share.","Other"
"wildfire has reached the edge of a national park near Peenya, and animals are seen fleeing. Locals are advised to avoid the forest area","Wildfire"
"A transformer blew up with a loud explosion and left the street in darkness. The shock was felt in nearby streets.","Explosion"
"Winds gusting over 100 km/h are uprooting trees and tearing off roofing sheets around Kolkata.","Cyclone"
"Bike skidded and collided with an oncoming car around Hubballi, the rider is unconscious. Oil is spilled across the carriageway. Ambulances are taking the injured to the nearest hospital.","Road Accident"
"Scaffolding and the slab it was holding up came crashing down at a construction site around Tumakuru. Neighbours are digging with their bare hands. Please keep the road clear for rescue vehicles.","Building Collapse"
"Eyewitnesses report that dry leaves and brush caught fire in Peenya and strong winds are fanning it through the trees.","Wildfire"
"Overnight downpour left entire neighbourhoods cut off, with water still rising. Pumps are being deployed to clear the water.","Flood"
"Alert: several vehicles were involved after one car lost control on the highway.","Road Accident"
"Reports coming in that overnight downpour left entire neighbourhoods cut off near Koramangala, with water still rising. Schools have been shut for the day.","Flood"
"Reports coming in that overnight downpour left entire neighbourhoods cut off, with water still rising. Schools have been shut for the day. Volunteers are distributing food packets.","Flood"
"Seismic activity woke residents at dawn at Delhi and dogs began barking all over the neighbourhood.","Earthquake"
"Boulders and debris rolled down the hill and crushed a few houses at the base. The road has been closed in both directions.","Landslide"
"A balcony slab and the floors below it have caved in. Municipal engineers are inspecting nearby structures.","Building Collapse"
"Dry leaves and brush caught fire and strong winds are fanning it through the trees. Ash is drifting for miles. Locals are advised to avoid the forest area.","Wildfire"
"The slope collapsed overnight and homes on the lower side are buried under earth. More cracks are visible on the hillside. Disaster teams have reached the spot.","Landslide"
"Fields and hamlets along the canal are underwater after the embankment gave way. Livestock are stranded on the higher ground. Traffic police have diverted vehicles. Stay safe everyone.","Flood"
"Flights and ferries suspended as the cyclone nears the coast around Bengaluru.","Cyclone"
"Loud cracking sounds and then the whole structure sank to the ground. Sniffer dogs are being used to look for survivors. Municipal engineers are inspecting nearby structures.","Building Collapse"
"Firecracker unit blast has left several people injured. The shock was felt in nearby streets. Police have sealed the area.","Explosion"
"Thatched huts along the beach have been ripped apart by the fierce storm winds at Mumbai. Lakhs of people have been shifted to shelters.","Cyclone"
"Update: red alert has been issued for the coast as the cyclone intensifies near Koramangala. Mobile towers have gone down. Evacuation of coastal villages is underway.","Cyclone"
"A section of the mountain crumbled after days of rain, leaving the pass full of rubble near Mangaluru. Excavators cannot reach the spot yet.","Landslide"
"A summer blaze in the jungle is out of control and has scorched hundreds of acres. Villagers have been asked to stay alert.","Wildfire"
"A bus depot is burning and several parked vehicles have been gutted. The heat is making it hard to approach. Fire engines have reached the spot.","Fire"
"A hospital ward had to be emptied after burning smells and smoke spread through the corridor. Shopkeepers are trying to save stock. Ambulances are on standby.","Fire"
"Just heard that trees are down on every road after the storm's strongest winds hit around Hebbal. Residents are asked to stay indoors.","Cyclone"
"Residents report that tap water has turned yellow and smells of sewage in Whitefield; several people are sick.","Other"
"muddy debris flowed down the steep slope and covered the road in Delhi. Families from the lower houses have moved to a school. Clearing work is expected to take many hours","Landslide"
"Buildings shook for nearly half a minute and people ran out onto the streets in Electronic City. Children were crying and neighbours gathered in the open.","Earthquake"
"An explosion at a chemical unit sent debris flying across the compound. Ears were ringing for people standing close by. Officials have started an inquiry.","Explosion"
"Breaking: wildfire has reached the edge of a national park, and animals are seen fleeing. Helicopters may be used to douse the flames.","Wildfire"
"Firefighters are battling a blaze at a textile unit. Shopkeepers are trying to save stock. Emergency services have been alerted.","Fire"
"Dozens of guests fell ill after a wedding meal in Peenya, several needing urgent treatment. Some residents have complained of dizziness. Health officials are collecting samples.","Other"
"Firecracker unit blast has left several people injured. Please stay away from the site.","Explosion"
"Sudden shaking of the ground lasted a few seconds, and phone lines got jammed.","Earthquake"
"A gas cylinder exploded in a restaurant kitchen. Several workers have been rushed to hospital. Ambulances are shuttling the injured.","Explosion"
"Pedestrian knocked down by a speeding vehicle on the main road near Mangaluru. Some passengers were thrown out of the vehicle.","Road Accident"
"People were asked to leave their homes and gather at the community centre at Whitefield as a precaution, though the reason is unclear. Some residents have complained of dizziness.","Other"
"A bus and a truck collided head-on, leaving many passengers injured. The front of the car is completely crushed. A crane is being called to remove the vehicles.","Road Accident"
"Pedestrian knocked down by a speeding vehicle on the main road. Some passengers were thrown out of the vehicle.","Road Accident"
"Locals say A tempo traveller rammed into a divider in Belagavi and rolled over. The driver fled from the spot.","Road Accident"
"Just heard that multiple aftershocks have been felt through the night. Children were crying and neighbours gathered in the open. Authorities are checking for structural damage.","Earthquake"
"Dust cloud rose after an old tenement building folded down. Please keep the road clear for rescue vehicles.","Building Collapse"
"Cyclone landfall has caused power lines to snap across the coastal belt around Delhi. Coastal roads are littered with fallen trees. Please keep a battery-powered radio ready.","Cyclone"
"Tonnes of earth slipped from the embankment and blocked the railway track around Pune.","Landslide"
"A multi-storey building gave way without warning and people are trapped under the rubble near Marathahalli. Adjoining buildings have been evacuated. NDRF personnel have arrived.","Building Collapse"
"Cyclone approaching the coast around Koramangala, fishermen have been told to return to harbour. Mobile towers have gone down. Residents are asked to stay indoors.","Cyclone"
"Forest department staff are cutting fire lines to stop the blaze from reaching villages. Fire watchers have been posted around the village.","Wildfire"
"Eyewitnesses report that trekkers were evacuated after flames swept through the dry forest trail. The fire is moving faster than the crews can cut breaks.","Wildfire"
"Buses have stopped running because the road is under a metre of water. Livestock are stranded on the higher ground.","Flood"
"Just heard that ash falling on villages near the forest as the blaze spreads across the ridge. Strong winds are pushing the flames.","Wildfire"
"rocks keep falling from the cliff above the road around Indiranagar. Excavators cannot reach the spot yet. Officials warn of further slips if rain continues","Landslide"
"smoke from the burning scrubland has reduced visibility on the forest road. Nearby settlements are on alert","Wildfire"
"Residential fire reported around Tumakuru, family members trapped on the terrace. The smoke is visible from a kilometre away. Several fire units are still working on it.","Fire"
"A school van skidded and hit a tree by the roadside at Delhi. The front of the car is completely crushed. Ambulances are taking the injured to the nearest hospital.","Road Accident"
"Earthquake reported, people are standing outside their homes. Schools have been asked to inspect their buildings.","Earthquake"
"Extremely severe storm expected to cross the coast in a few hours around Chikkamagaluru, with gale-force winds forecast. Coastal roads are littered with fallen trees.","Cyclone"
"Water has entered several houses at Kalaburagi. Children and elderly people are being moved first.","Flood"
"traffic accident at the junction, an auto is lying overturned. Traffic is backed up for miles. Traffic police are clearing the stretch.","Road Accident"
"water has entered several houses. Electricity has been switched off in the area. Pumps are being deployed to clear the water","Flood"
"thick black smoke is pouring out of a residential block at Mysuru. Two people are feared to be inside. Several fire units are still working on it","Fire"
"Dry leaves and brush caught fire and strong winds are fanning it through the trees. Strong winds are pushing the flames. Fire watchers have been posted around the village. Any updates?","Wildfire"
"Whole hillsides glowing orange at night as the forest burns. The fire is moving faster than the crews can cut breaks. Helicopters may be used to douse the flames.","Wildfire"
"Whole hillsides glowing orange at night as the forest burns around Electronic City. Wild animals are moving toward the villages.","Wildfire"
"The slope collapsed overnight and homes on the lower side are buried under earth. Rescuers are digging through the mud by hand.","Landslide"
"Road blocked by mud and rocks that came down from the slope around Hyderabad. Travellers are advised to take an alternate route.","Landslide"
"A gas cylinder exploded in a restaurant kitchen. Several workers have been rushed to hospital. Bomb disposal and forensic teams have been informed. Stay safe everyone.","Explosion"
"Multiple aftershocks have been felt through the night at Rajarajeshwari Nagar. Authorities are checking for structural damage.","Earthquake"
"Pedestrian knocked down by a speeding vehicle on the main road. Oil is spilled across the carriageway.","Road Accident"
"an overloaded tipper hit a line of cars waiting at the signal. The front of the car is completely crushed. Ambulances are taking the injured to the nearest hospital","Road Accident"
"Several roads have become impassable after water levels rose rapidly following continuous rainfall at Hubballi. Volunteers are distributing food packets.","Flood"
"Massive fire near the market area. Smoke visible from several blocks. Ambulances are on standby.","Fire"
"Reports coming in that state transport bus veered off the road and fell into a ditch. Please use the service road.","Road Accident"
"Earthquake reported near Hyderabad, people are standing outside their homes.","Earthquake"
"A multi-storey building gave way without warning and people are trapped under the rubble. NDRF personnel have arrived.","Building Collapse"
"Thick black smoke is pouring out of a residential block around Hosur Road.","Fire"
"Suspected contamination of the municipal water supply has led to a wave of stomach illness. Some residents have complained of dizziness.","Other"
"Ceiling of a community hall fell on the gathering, several people under concrete slabs. Sniffer dogs are being used to look for survivors.","Building Collapse"
"A short circuit is believed to have started a fire in an office tower.","Fire"
"Suspected contamination of the municipal water supply has led to a wave of stomach illness. Many people are anxious and waiting for information. Emergency teams have been informed.","Other"
"A section of the mountain crumbled after days of rain, leaving the pass full of rubble near Bannerghatta Road.","Landslide"
"Rocks keep falling from the cliff above the road. More cracks are visible on the hillside. Travellers are advised to take an alternate route.","Landslide"
"Loud explosion reported in Shivamogga, car alarms going off across the neighbourhood.","Explosion"
"Just heard that ceiling of a community hall fell on the gathering, several people under concrete slabs. Rescue teams are working through the night.","Building Collapse"
"Compound wall of a school gave way and children were pulled out from the debris around Bengaluru. A thick cloud of dust covered the whole lane.","Building Collapse"
"A major fire has broken out in a commercial building. Residents are running out onto the street","Fire"
"Update: an explosion at a chemical unit sent debris flying across the compound. Please stay away from the site.","Explosion"
"Fire in the reserve forest near Belagavi keeps flaring up despite efforts to douse it. Hundreds of hectares have been affected.","Wildfire"
"Multi-vehicle pile-up on the expressway at Rajarajeshwari Nagar has brought traffic to a standstill. A crane is being called to remove the vehicles.","Road Accident"
"Radiation warning sign found at an abandoned clinic, and the area has been cordoned off. Hospitals have been told to be ready. Please follow official advice. Pray for everyone affected.","Other"
"workers were thrown off their feet when a boiler burst at the plant. Ears were ringing for people standing close by. Police have sealed the area","Explosion"
"Eyewitnesses report that A mudslide has buried a stretch of the ghat road at Yelahanka. Loose rocks are still coming down.","Landslide"
"Severe heat conditions have sent many people to hospital with heatstroke. Officials are asking people to keep windows closed. Authorities are investigating the cause.","Other"
"Update: several vehicles were involved after one car lost control on the highway in Hosur Road. Oil is spilled across the carriageway. Drive carefully around the area.","Road Accident"
"The lake breached its bund and water is spreading into nearby layouts. Relief camps are being opened nearby.","Flood"
"Muddy debris flowed down the steep slope and covered the road at Yelahanka. Travellers are advised to take an alternate route.","Landslide"
"Fields and hamlets along the canal are underwater after the embankment gave way. Relief camps are being opened nearby.","Flood"
"The slope collapsed overnight and homes on the lower side are buried under earth at Mumbai.","Landslide"
"Estate workers' lines were swept away when the hillside slumped near Hebbal. Families from the lower houses have moved to a school. Clearing work is expected to take many hours.","Landslide"
"Overnight downpour left entire neighbourhoods cut off, with water still rising. Locals are asking for boats.","Flood"
"Massive fire near the market area. Smoke visible from several blocks. Fire engines have reached the spot.","Fire"
"The hotel's second floor is on fire and guests are being brought down by ladders. People are trapped inside.","Fire"
"ash falling on villages near the forest as the blaze spreads across the ridge. Ash is drifting for miles","Wildfire"
"Urgent: A short circuit is believed to have started a fire in an office tower near Electronic City. The smoke is visible from a kilometre away.","Fire"
"Everyone in the office felt the floor move; we evacuated to the parking lot. Water in overhead tanks was sloshing over. Officials advise staying in open spaces.","Earthquake"
"Waterlogging on the main road has left cars stranded up to their doors at Shivamogga. Livestock are stranded on the higher ground. Relief camps are being opened nearby.","Flood"
"Estate workers' lines were swept away when the hillside slumped near Indiranagar.","Landslide"
"Dust cloud rose after an old tenement building folded down. The structure had reportedly been declared unsafe. Please keep the road clear for rescue vehicles.","Building Collapse"
"Several roads have become impassable after water levels rose rapidly following continuous rainfall in Belagavi. Relief camps are being opened nearby.","Flood"
"Motorists are honking in a long jam behind a wrecked sedan and a mangled scooter near Hebbal.","Road Accident"
"The hillside gave way after several hours of heavy rain, covering the highway with soil and rocks. Clearing work is expected to take many hours.","Landslide"
"The river has overflowed its banks and low-lying colonies are submerged.","Flood"
"Ground-floor homes are underwater and families are moving to rooftops.","Flood"
"Tonnes of earth slipped from the embankment and blocked the railway track near Rajarajeshwari Nagar. Officials warn of further slips if rain continues.","Landslide"
"Traffic is stuck because loose soil and stones have come down across the mountain road.","Landslide"
"Traffic signals and the metro control system went down, leaving the city in chaos. The area has been barricaded. Emergency teams have been informed.","Other"
"The slope collapsed overnight and homes on the lower side are buried under earth. Excavators cannot reach the spot yet.","Landslide"
"panic as the earth trembled in the early hours. No major damage has been reported yet. Officials advise staying in open spaces","Earthquake"
"Fire tenders are struggling to reach a burning building in a narrow lane. Firefighters are trying to bring it under control.","Fire"
"ammonia leak from a cold storage unit is causing breathing difficulty for workers. Emergency teams have been informed","Other"
"Ceiling of a community hall fell on the gathering, several people under concrete slabs. The owner has not yet been traced.","Building Collapse"
"We heard a deafening boom and saw a mushroom of smoke rising. The cause is not yet known. Please stay away from the site.","Explosion"
"Knee-deep water has been standing in the underpass since morning around Mumbai.","Flood"
"Huge blast heard near the industrial area near Bannerghatta Road. Metal pieces landed on rooftops around. Officials have started an inquiry.","Explosion"
"Flights and ferries suspended as the cyclone nears the coast at Hebbal. Relief teams are on standby.","Cyclone"
"Dry leaves and brush caught fire in Bengaluru and strong winds are fanning it through the trees.","Wildfire"
"Update: sudden detonation-like sound from the workshop at Jayanagar, and people are running away. Injured people are being carried out on stretchers. Please stay away from the site.","Explosion"
"A child has been missing since the afternoon, and volunteers are searching the neighbourhood. Health officials are collecting samples.","Other"
"road blocked by mud and rocks that came down from the slope. Trees were uprooted and carried down with the soil. Disaster teams have reached the spot","Landslide"
"Just heard that forest department staff are cutting fire lines to stop the blaze from reaching villages. The terrain makes it hard for crews to reach the area. Nearby settlements are on alert.","Wildfire"
"Just heard that the lake breached its bund and water is spreading into nearby layouts. Livestock are stranded on the higher ground.","Flood"
"Flames are racing across a dry grassland and jumping to nearby scrub. Villagers have been asked to stay alert.","Wildfire"
"Mass fainting was reported among factory workers due to unidentified fumes. Hospitals have been told to be ready. Authorities are investigating the cause.","Other"
"Buildings shook for nearly half a minute and people ran out onto the streets around Mysuru. Metro services were briefly halted. Experts warn that aftershocks are possible.","Earthquake"
"We heard a deafening boom and saw a mushroom of smoke rising. Ambulances are shuttling the injured.","Explosion"
"Severe cyclonic storm has begun lashing the shoreline, with huge waves crashing over the sea wall.","Cyclone"
"Traffic signals and the metro control system went down, leaving the city in chaos.","Other"
"Loud cracking sounds and then the whole structure sank to the ground. The structure had reportedly been declared unsafe.","Building Collapse"
"Sparks from a transformer set a shop shutter alight around Mumbai and the flames are spreading fast. Water tankers are being called in.","Fire"
"Cyclone approaching the coast, fishermen have been told to return to harbour. Fishermen are advised not to venture into the sea.","Cyclone"
"Two-wheeler rider hit by a speeding lorry near Silk Board junction. Several people are lying on the road.","Road Accident"
"Seismic activity woke residents at dawn and dogs began barking all over the neighbourhood.","Earthquake"
"Loud explosion reported at Pune, car alarms going off across the neighbourhood. Bomb disposal and forensic teams have been informed.","Explosion"
"Firefighters are battling a blaze at a textile unit. Emergency services have been alerted.","Fire"
"Urgent: waterlogging on the main road has left cars stranded up to their doors around Chennai. Livestock are stranded on the higher ground.","Flood"
"Eyewitnesses report that speeding cab jumped the median and hit vehicles coming from the other side around Mangaluru.","Road Accident"
"Road completely flooded after hours of rain. Residents say the water rose within an hour.","Flood"
"Sudden outbreak of illness at a hostel near Kodagu; many students are being admitted to hospital. Officials are asking people to keep windows closed.","Other"
"A mudslide has buried a stretch of the ghat road in Pune. Families from the lower houses have moved to a school.","Landslide"
"Forest fire spreading rapidly through dry undergrowth in Silk Board junction. Strong winds are pushing the flames.","Wildfire"
"A dilapidated house crumbled while its residents were sleeping in Whitefield. Ambulances are waiting at the site","Building Collapse"
"Eyewitnesses report that slope failure near a construction site has sent mud and debris onto the lane below. Officials warn of further slips if rain continues.","Landslide"
"Everyone in the office felt the floor move; we evacuated to the parking lot. No major damage has been reported yet. Please keep phone lines free for emergencies. Please share.","Earthquake"
"A powerful explosion ripped through a factory, shattering windows of nearby buildings. Ears were ringing for people standing close by. Emergency crews are checking for secondary blasts.","Explosion"
"Trekkers were evacuated after flames swept through the dry forest trail in Bengaluru.","Wildfire"
"Urgent: windows cracked in nearby houses after a sudden thunderous blast near Peenya. The shock was felt in nearby streets. Emergency crews are checking for secondary blasts.","Explosion"
"Boulders and debris rolled down the hill and crushed a few houses at the base. Officials warn of further slips if rain continues.","Landslide"
"Under-construction apartment block fell down in a heap of concrete around Rajarajeshwari Nagar. Voices can be heard from under the slabs.","Building Collapse"
"building suddenly collapsed. A thick cloud of dust covered the whole lane.","Building Collapse"
"Pedestrian knocked down by a speeding vehicle on the main road at Peenya. Pray for everyone affected.","Road Accident"
"Seismic activity woke residents at dawn in Rajarajeshwari Nagar and dogs began barking all over the neighbourhood. No major damage has been reported yet. Experts warn that aftershocks are possible.","Earthquake"
"Cyclone approaching the coast, fishermen have been told to return to harbour.","Cyclone"
"Speeding cab jumped the median and hit vehicles coming from the other side. Ambulances are taking the injured to the nearest hospital.","Road Accident"
"An explosion at a chemical unit sent debris flying across the compound. Ears were ringing for people standing close by.","Explosion"
"Bamboo groves and teak trees are burning across several hectares in Whitefield. Wild animals are moving toward the villages. Locals are advised to avoid the forest area. Stay safe everyone.","Wildfire"
"Road completely flooded after hours of rain. Drinking water supply has stopped. Relief camps are being opened nearby.","Flood"
"loud bang followed by a shockwave that rattled shops in Chikkamagaluru. Several workers have been rushed to hospital. Bomb disposal and forensic teams have been informed. Pray for everyone affected.","Explosion"
"Just heard that mass fainting was reported among factory workers around Chennai due to unidentified fumes. The source is being identified. Volunteers are helping at the spot.","Other"
"A school van skidded and hit a tree by the roadside.","Road Accident"
"Eyewitnesses report that ceiling of a community hall fell on the gathering at Koramangala, several people under concrete slabs. Sniffer dogs are being used to look for survivors.","Building Collapse"
"Knee-deep water has been standing in the underpass since morning. The water level is still going up.","Flood"
"Dry leaves and brush caught fire and strong winds are fanning it through the trees. Helicopters may be used to douse the flames.","Wildfire"
"Waterlogging on the main road has left cars stranded up to their doors. The water level is still going up.","Flood"
"Ceiling of a community hall fell on the gathering at Koramangala, several people under concrete slabs. Neighbours are digging with their bare hands.","Building Collapse"
"Firefighters are battling a blaze at a textile unit in Hubballi.","Fire"
"Multi-vehicle pile-up on the expressway has brought traffic to a standstill. The front of the car is completely crushed.","Road Accident"
"Residents report that tap water has turned yellow and smells of sewage near Bannerghatta Road; several people are sick. Health officials are collecting samples.","Other"
"Under-construction apartment block fell down in a heap of concrete. Cranes are being brought in. Ambulances are waiting at the site.","Building Collapse"
"Car crashed into a parked container truck in dense fog. Traffic is backed up for miles. Police have reached the spot and are diverting traffic.","Road Accident"
"Flames have engulfed a godown storing packaging material at Rajarajeshwari Nagar. Please avoid the road.","Fire"
"A gas cylinder exploded in a restaurant kitchen in Delhi. Metal pieces landed on rooftops around. Emergency crews are checking for secondary blasts.","Explosion"
"seismologists have recorded an earthquake with its epicentre close to Indiranagar. Some old houses have developed cracks","Earthquake"
"Flames have engulfed a godown storing packaging material. The heat is making it hard to approach.","Fire"
"Reports coming in that extremely severe storm expected to cross the coast in a few hours, with gale-force winds forecast. Schools and colleges are closed.","Cyclone"
"Hundreds stranded at the station after a sudden strike, with elderly passengers needing medical help. Health workers have set up a temporary camp.","Other"
"Cyclone landfall has caused power lines to snap across the coastal belt.","Cyclone"
"A mudslide has buried a stretch of the ghat road near Chikkamagaluru. Trees were uprooted and carried down with the soil.","Landslide"
"Soil collapse on the hill road has cut off several villages. Rescuers are digging through the mud by hand.","Landslide"
"Several roads have become impassable after water levels rose rapidly following continuous rainfall at Pune. Children and elderly people are being moved first.","Flood"
"A hospital ward had to be emptied after burning smells and smoke spread through the corridor. Shopkeepers are trying to save stock. Water tankers are being called in.","Fire"
"A child has been missing since the afternoon, and volunteers are searching the neighbourhood. The source is being identified.","Other"
"Dry leaves and brush caught fire at Indiranagar and strong winds are fanning it through the trees. The fire is moving faster than the crews can cut breaks. Locals are advised to avoid the forest area.","Wildfire"
"A section of the mountain crumbled after days of rain, leaving the pass full of rubble at Kolkata.","Landslide"
"Everyone in the office felt the floor move; we evacuated to the parking lot. Disaster management teams are surveying the area.","Earthquake"
"Alert: state transport bus veered off the road and fell into a ditch near Chennai. Drive carefully around the area.","Road Accident"
"Water has entered several houses near Delhi. Locals are asking for boats. Disaster response teams have been called.","Flood"
"Urgent: muddy debris flowed down the steep slope and covered the road. Clearing work is expected to take many hours.","Landslide"
"Pressure vessel ruptured violently at a manufacturing plant. Debris is scattered over a wide area. Police have sealed the area.","Explosion"
"Locals say bamboo groves and teak trees are burning across several hectares in Mysuru.","Wildfire"
"Update: burning plastic smell and heavy smoke from a scrapyard near Hosur Road. Two people are feared to be inside. Please avoid the road.","Fire"
"The slope collapsed overnight and homes on the lower side are buried under earth at Silk Board junction. Officials warn of further slips if rain continues.","Landslide"
"Trees are down on every road after the storm's strongest winds hit. Mobile towers have gone down. Schools and colleges are closed.","Cyclone"
"Everyone in the office felt the floor move; we evacuated to the parking lot. Water in overhead tanks was sloshing over. Please keep phone lines free for emergencies.","Earthquake"
"Road completely flooded after hours of rain. The water level is still going up. Please avoid travelling through this stretch.","Flood"
"Everyone in the office felt the floor move; we evacuated to the parking lot in Jayanagar. Water in overhead tanks was sloshing over.","Earthquake"
"Group of trekkers reported missing after failing to return from the trail near Mysuru.","Other"
"Eyewitnesses report that hillside debris all over the ghat section near Kalaburagi, no vehicle can pass. Travellers are advised to take an alternate route.","Landslide"
"The storm system intensified overnight and is expected to make landfall by evening near Hebbal. Lakhs of people have been shifted to shelters.","Cyclone"
"Firefighters are battling a blaze at a textile unit near Koramangala. The heat is making it hard to approach. Police have cordoned off the lane.","Fire"
"The old lodge partially collapsed in the night, leaving a huge pile of bricks and beams. Labourers are believed to be under the debris.","Building Collapse"
"A section of the mountain crumbled after days of rain, leaving the pass full of rubble. Excavators cannot reach the spot yet. Please avoid the ghat section tonight.","Landslide"
"Large-scale power outage has left hospitals running on backup generators in Electronic City. Hospitals have been told to be ready.","Other"
"Red alert has been issued for the coast as the cyclone intensifies in Kalaburagi. Mobile towers have gone down. Please keep a battery-powered radio ready.","Cyclone"
"Traffic signals and the metro control system went down, leaving the city in chaos in Tumakuru. Please follow official advice. Please share.","Other"
"Reports coming in that traffic is stuck because loose soil and stones have come down across the mountain road at Pune. The road has been closed in both directions. Police are stopping vehicles at the foothills.","Landslide"
"forest fire spreading rapidly through dry undergrowth. Strong winds are pushing the flames. Fire watchers have been posted around the village","Wildfire"
"Breaking: the hotel's second floor is on fire and guests are being brought down by ladders at Indiranagar. Residents are running out onto the street. Emergency services have been alerted.","Fire"
"Multiple aftershocks have been felt through the night. Gas supply was shut off as a precaution.","Earthquake"
"Alert: water has entered several houses. Electricity has been switched off in the area.","Flood"
"Smoke from the burning scrubland around Sarjapur Road has reduced visibility on the forest road. Wild animals are moving toward the villages. Locals are advised to avoid the forest area.","Wildfire"
"Eyewitnesses report that winds gusting over 100 km/h are uprooting trees and tearing off roofing sheets. Schools and colleges are closed.","Cyclone"
"Stormwater drains are overflowing and dirty water is flowing into homes near Tumakuru. Livestock are stranded on the higher ground.","Flood"
"Muddy debris flowed down the steep slope and covered the road in Delhi. Please avoid the ghat section tonight.","Landslide"
"Locals say suspected contamination of the municipal water supply at Mumbai has led to a wave of stomach illness. The area has been barricaded. Please follow official advice.","Other"
"Soil collapse on the hill road has cut off several villages near Chennai. Stay safe everyone.","Landslide"
"The storm system intensified overnight and is expected to make landfall by evening around Kolkata. Coastal roads are littered with fallen trees. Relief teams are on standby.","Cyclone"
"Several roads have become impassable after water levels rose rapidly following continuous rainfall. Livestock are stranded on the higher ground. Please avoid travelling through this stretch. Any updates?","Flood"
"The slope collapsed overnight and homes on the lower side are buried under earth at Mumbai. The road has been closed in both directions. Clearing work is expected to take many hours.","Landslide"
"A bus and a truck collided head-on, leaving many passengers injured. Airbags deployed but the driver is trapped. Please use the service road.","Road Accident"
"Panic as the earth trembled in the early hours near Hosur Road. People are afraid to go back indoors. Disaster management teams are surveying the area.","Earthquake"
"Fire in the reserve forest around Koramangala keeps flaring up despite efforts to douse it. Hundreds of hectares have been affected.","Wildfire"
"Eyewitnesses report that sudden shaking of the ground lasted a few seconds, and phone lines got jammed.","Earthquake"
"Speeding cab jumped the median and hit vehicles coming from the other side.","Road Accident"
"Severe cyclonic storm has begun lashing the shoreline in Yelahanka, with huge waves crashing over the sea wall. Lakhs of people have been shifted to shelters. Evacuation of coastal villages is underway.","Cyclone"
"Alert: the hillside gave way after several hours of heavy rain, covering the highway with soil and rocks. Travellers are advised to take an alternate route.","Landslide"
"Everyone in the office felt the floor move; we evacuated to the parking lot in Tumakuru. Experts warn that aftershocks are possible.","Earthquake"
"The hillside gave way after several hours of heavy rain, covering the highway with soil and rocks at Silk Board junction. Police are stopping vehicles at the foothills.","Landslide"
"Sudden outbreak of illness at a hostel; many students are being admitted to hospital.","Other"
"Breaking: A gas cylinder exploded in a restaurant kitchen. The cause is not yet known. Ambulances are shuttling the injured.","Explosion"
"loud bang followed by a shockwave that rattled shops around Rajarajeshwari Nagar. Ears were ringing for people standing close by.","Explosion"
"Buildings shook for nearly half a minute and people ran out onto the streets. Social media is full of people asking if others felt it. Any updates?","Earthquake"
"A tanker carrying a hazardous liquid overturned and spilled its contents. Emergency teams have been informed.","Other"
"Dust cloud rose after an old tenement building folded down in Hebbal. Neighbours are digging with their bare hands. Ambulances are waiting at the site.","Building Collapse"
"Urgent: A balcony slab and the floors below it have caved in in Marathahalli. Sniffer dogs are being used to look for survivors.","Building Collapse"
"Hundreds stranded at the station after a sudden strike, with elderly passengers needing medical help. Officials are asking people to keep windows closed.","Other"
"flames are racing across a dry grassland and jumping to nearby scrub. The terrain makes it hard for crews to reach the area. Fire watchers have been posted around the village","Wildfire"
"A bus depot is burning and several parked vehicles have been gutted near Jayanagar. Cylinders are being removed from nearby shops. Fire engines have reached the spot.","Fire"
"Reports coming in that windows cracked in nearby houses after a sudden thunderous blast. There is dust and smoke hanging over the site. Bomb disposal and forensic teams have been informed.","Explosion"
"Compound wall of a school gave way and children were pulled out from the debris. Sniffer dogs are being used to look for survivors. Rescue teams are working through the night.","Building Collapse"
"Mass fainting was reported among factory workers due to unidentified fumes. Some residents have complained of dizziness. Authorities are investigating the cause.","Other"
"Road completely flooded after hours of rain at Hyderabad. Schools have been shut for the day.","Flood"
"Alert: water released from the dam is rising rapidly along the riverside villages. Schools have been shut for the day. Pumps are being deployed to clear the water.","Flood"
"sparks from a transformer set a shop shutter alight near Electronic City and the flames are spreading fast. The heat is making it hard to approach","Fire"
"Bike skidded and collided with an oncoming car in Shivamogga, the rider is unconscious. Traffic police are clearing the stretch.","Road Accident"
"Group of trekkers reported missing after failing to return from the trail. Authorities are investigating the cause. Please share.","Other"
"A multi-storey building gave way without warning and people are trapped under the rubble at Hubballi.","Building Collapse"
"Muddy debris flowed down the steep slope and covered the road around Hebbal. Rescuers are digging through the mud by hand. Clearing work is expected to take many hours.","Landslide"
"Under-construction apartment block fell down in a heap of concrete around Yelahanka. NDRF personnel have arrived.","Building Collapse"
"Storm surge is pushing seawater into coastal hamlets while the cyclone's eye nears. Officials are tracking the system hourly.","Cyclone"
"Orange glow and choking smoke coming from the old warehouse around Hosur Road. Several floors are affected. Any updates?","Fire"
"Locals say dry leaves and brush caught fire around Shivamogga and strong winds are fanning it through the trees. Fire watchers have been posted around the village.","Wildfire"
"Grass fire spreading on the foothills at Kodagu, it has already crossed a track and is heading toward the plantation.","Wildfire"
"Residential fire reported, family members trapped on the terrace. Firefighters are trying to bring it under control.","Fire"
"Urgent: forest fire spreading rapidly through dry undergrowth near Bannerghatta Road. The blaze is visible from far away at night.","Wildfire"
"A tempo traveller rammed into a divider and rolled over. Passersby pulled the injured out of the wreckage","Road Accident"
"A bus and a truck collided head-on, leaving many passengers injured. The front of the car is completely crushed.","Road Accident"
"Fields and hamlets along the canal are underwater after the embankment gave way. Locals are asking for boats.","Flood"
"Car crashed into a parked container truck in dense fog. The driver fled from the spot.","Road Accident"
"Workers were thrown off their feet when a boiler burst at the plant around Tumakuru. The shock was felt in nearby streets. Police have sealed the area.","Explosion"
"state transport bus veered off the road and fell into a ditch at Shivamogga. A crane is being called to remove the vehicles","Road Accident"
"Traffic signals and the metro control system went down, leaving the city in chaos. Hospitals have been told to be ready.","Other"
"Forest department staff are cutting fire lines to stop the blaze from reaching villages near Kalaburagi. Strong winds are pushing the flames. Nearby settlements are on alert.","Wildfire"
"A short circuit is believed to have started a fire in an office tower. Water tankers are being called in.","Fire"
"Firecracker unit blast has left several people injured in Mysuru.","Explosion"
"Bike skidded and collided with an oncoming car near Silk Board junction, the rider is unconscious.","Road Accident"
"Road completely flooded after hours of rain near Tumakuru. Schools have been shut for the day. Disaster response teams have been called.","Flood"
"Breaking: basements are filling up with water and residents cannot get their vehicles out.","Flood"
"Rescuers are pulling survivors from the remains of a three-storey house that pancaked near Mumbai.","Building Collapse"
"Compound wall of a school gave way and children were pulled out from the debris. Rescue teams are working through the night.","Building Collapse"
"Panic as the earth trembled in the early hours at Mangaluru.","Earthquake"
"Alert: the sky went dark and the wind howled all night as the cyclone crossed the coast. Power has been cut proactively in low-lying zones. Schools and colleges are closed.","Cyclone"
"scaffolding and the slab it was holding up came crashing down at a construction site. The owner has not yet been traced","Building Collapse"
"Overhead high-tension cable fell on the road, and residents are asked not to step out.","Other"
"Severe cyclonic storm has begun lashing the shoreline at Silk Board junction, with huge waves crashing over the sea wall. Please keep a battery-powered radio ready.","Cyclone"
"A major water pipeline has failed and thousands of households have no supply at Indiranagar. Health officials are collecting samples.","Other"
"The sky went dark and the wind howled all night as the cyclone crossed the coast around Hyderabad. Schools and colleges are closed. Please share.","Cyclone"
"Motorists are honking in a long jam behind a wrecked sedan and a mangled scooter at Sarjapur Road. A crane is being called to remove the vehicles.","Road Accident"
"Breaking: the hillside gave way after several hours of heavy rain, covering the highway with soil and rocks. Villagers heard a rumbling sound before it came down. Police are stopping vehicles at the foothills.","Landslide"
"Breaking: estate workers' lines were swept away when the hillside slumped. Please avoid the ghat section tonight.","Landslide"
"Breaking: radiation warning sign found at an abandoned clinic at Chikkamagaluru, and the area has been cordoned off. Health officials are collecting samples.","Other"
"Alert: smoke from the burning scrubland has reduced visibility on the forest road. Wild animals are moving toward the villages. Helicopters may be used to douse the flames.","Wildfire"
"Pedestrian knocked down by a speeding vehicle on the main road in Belagavi. Passersby pulled the injured out of the wreckage.","Road Accident"
"Locals say boulders and debris rolled down the hill and crushed a few houses at the base. Clearing work is expected to take many hours.","Landslide"
"water has entered several houses. Mobile networks are patchy. Rescue teams are on their way","Flood"
"Reports coming in that orange glow and choking smoke coming from the old warehouse around Bengaluru.","Fire"
"whole hillsides glowing orange at night as the forest burns at Sarjapur Road. Locals are advised to avoid the forest area","Wildfire"
"Just heard that bamboo groves and teak trees are burning across several hectares around Hyderabad. The fire is moving faster than the crews can cut breaks.","Wildfire"
"Hundreds stranded at the station after a sudden strike, with elderly passengers needing medical help. Some residents have complained of dizziness. Updates will follow as more information comes in.","Other"
"An explosion at a chemical unit sent debris flying across the compound in Jayanagar. Ears were ringing for people standing close by. Please stay away from the site.","Explosion"
"Pressure vessel ruptured violently at a manufacturing plant in Indiranagar. Several workers have been rushed to hospital. Officials have started an inquiry.","Explosion"
"Buses have stopped running because the road is under a metre of water around Chennai. The water level is still going up. Relief camps are being opened nearby.","Flood"
"Urgent: cyclone approaching the coast, fishermen have been told to return to harbour. Please keep a battery-powered radio ready.","Cyclone"
"Breaking: overnight downpour left entire neighbourhoods cut off around Chikkamagaluru, with water still rising. Electricity has been switched off in the area.","Flood"
"A short circuit is believed to have started a fire in an office tower. Nearby buildings are being emptied as a precaution","Fire"
"Eyewitnesses report that cyclone landfall has caused power lines to snap across the coastal belt.","Cyclone"
"Under-construction apartment block fell down in a heap of concrete around Peenya. Neighbours are digging with their bare hands. The owner has not yet been traced.","Building Collapse"
"Bike skidded and collided with an oncoming car, the rider is unconscious. Airbags deployed but the driver is trapped. Ambulances are taking the injured to the nearest hospital.","Road Accident"
"Locals say thatched huts along the beach have been ripped apart by the fierce storm winds.","Cyclone"
"Update: A transformer blew up with a loud explosion and left the street in darkness in Peenya.","Explosion"
"Multi-vehicle pile-up on the expressway at Bannerghatta Road has brought traffic to a standstill.","Road Accident"
"Firefighters are battling a blaze at a textile unit. The heat is making it hard to approach. Police have cordoned off the lane.","Fire"
"Gas explosion in a residential lane near Hubballi has damaged the front of two houses. The cause is not yet known.","Explosion"
"Part of the hill cutting slid onto the road, trapping two vehicles. Please avoid the ghat section tonight.","Landslide"
"Red alert has been issued for the coast as the cyclone intensifies. Power has been cut proactively in low-lying zones. Evacuation of coastal villages is underway.","Cyclone"
"Two-wheeler rider hit by a speeding lorry. Several people are lying on the road.","Road Accident"
"We heard a deafening boom and saw a mushroom of smoke rising at Jayanagar. Metal pieces landed on rooftops around. Emergency crews are checking for secondary blasts.","Explosion"
"Pressure vessel ruptured violently at a manufacturing plant. Ears were ringing for people standing close by.","Explosion"
"Multi-vehicle pile-up on the expressway around Indiranagar has brought traffic to a standstill.","Road Accident"
"many streets are under water at Chennai. Mobile networks are patchy.","Flood"
"A short circuit is believed to have started a fire in an office tower. Any updates?","Fire"
"Compound wall of a school gave way and children were pulled out from the debris in Hyderabad.","Building Collapse"
"Speeding cab jumped the median and hit vehicles coming from the other side. The front of the car is completely crushed.","Road Accident"
"Locals say ash falling on villages near the forest as the blaze spreads across the ridge. The fire is moving faster than the crews can cut breaks. Forest guards and volunteers are trying to contain it.","Wildfire"
"Eyewitnesses report that storm surge is pushing seawater into coastal hamlets while the cyclone's eye nears. Please keep a battery-powered radio ready.","Cyclone"
"building suddenly collapsed in Electronic City. A thick cloud of dust covered the whole lane. Municipal engineers are inspecting nearby structures.","Building Collapse"
"Dry leaves and brush caught fire near Peenya and strong winds are fanning it through the trees. Locals are advised to avoid the forest area.","Wildfire"
"Soil collapse on the hill road has cut off several villages. Trees were uprooted and carried down with the soil.","Landslide"
"A tempo traveller rammed into a divider and rolled over. The front of the car is completely crushed. Traffic police are clearing the stretch.","Road Accident"
"Road completely flooded after hours of rain at Whitefield. Residents say the water rose within an hour. Volunteers are distributing food packets.","Flood"
"Alert: gas explosion in a residential lane at Yelahanka has damaged the front of two houses. Emergency crews are checking for secondary blasts.","Explosion"
"blast in a scrapyard in Kalaburagi was felt over a kilometre away","Explosion"
"Part of the hill cutting slid onto the road, trapping two vehicles. Villagers heard a rumbling sound before it came down. Please avoid the ghat section tonight.","Landslide"
"Flights and ferries suspended as the cyclone nears the coast around Jayanagar. Fishermen are advised not to venture into the sea. Please keep a battery-powered radio ready.","Cyclone"
"Rescue boats are being used to bring people out of inundated apartments. Livestock are stranded on the higher ground.","Flood"
"Residents of high-rise apartments rushed downstairs as the whole building began vibrating. Water in overhead tanks was sloshing over.","Earthquake"
"Extremely severe storm expected to cross the coast in a few hours, with gale-force winds forecast. Mobile towers have gone down. Please keep a battery-powered radio ready.","Cyclone"
"Flames are racing across a dry grassland around Kolkata and jumping to nearby scrub. The terrain makes it hard for crews to reach the area. Fire watchers have been posted around the village.","Wildfire"
"Residential fire reported at Electronic City, family members trapped on the terrace. Water tankers are being called in.","Fire"
"Reports coming in that fishing boats are being hauled ashore as a deep depression turns into a cyclonic storm. Fishermen are advised not to venture into the sea. Please keep a battery-powered radio ready.","Cyclone"
"The hotel's second floor is on fire and guests are being brought down by ladders at Peenya. Shopkeepers are trying to save stock. Emergency services have been alerted.","Fire"
"Fire tenders are struggling to reach a burning building in a narrow lane.","Fire"
"Eyewitnesses report that A wall of a residential structure came down onto the lane in Marathahalli, burying two parked cars. Please keep the road clear for rescue vehicles.","Building Collapse"
"Locals say A blaze is tearing through a row of shops. Several floors are affected.","Fire"
"many streets are under water in Kolkata.","Flood"
"Knee-deep water has been standing in the underpass since morning. Rescue teams are on their way.","Flood"
"Earthquake reported, people are standing outside their homes.","Earthquake"
"A vegetation fire on the hillside is sending smoke across the valley.","Wildfire"
"Cyclone approaching the coast, fishermen have been told to return to harbour. Coastal roads are littered with fallen trees. Relief teams are on standby.","Cyclone"
"residential fire reported, family members trapped on the terrace","Fire"
"Huge blast heard near the industrial area. Several workers have been rushed to hospital. Please share.","Explosion"
"Loud cracking sounds and then the whole structure sank to the ground. Labourers are believed to be under the debris.","Building Collapse"
"The roof of an old market caved in during business hours.","Building Collapse"
"We heard a deafening boom and saw a mushroom of smoke rising. Injured people are being carried out on stretchers.","Explosion"
"A major fire has broken out in a commercial building at Kodagu. Please avoid the road. Please share.","Fire"
"we heard a deafening boom and saw a mushroom of smoke rising around Chennai. Debris is scattered over a wide area","Explosion"
"Seismic activity woke residents at dawn and dogs began barking all over the neighbourhood. People are afraid to go back indoors. Experts warn that aftershocks are possible.","Earthquake"
"Hanging lamps swayed and utensils rattled for several seconds around Sarjapur Road. Children were crying and neighbours gathered in the open. Schools have been asked to inspect their buildings.","Earthquake"
"The slope collapsed overnight and homes on the lower side are buried under earth. Travellers are advised to take an alternate route.","Landslide"
"A hospital ward had to be emptied after burning smells and smoke spread through the corridor. Cylinders are being removed from nearby shops. Firefighters are trying to bring it under control.","Fire"
"Seismic activity woke residents at dawn and dogs began barking all over the neighbourhood. Social media is full of people asking if others felt it.","Earthquake"
"Smoke from the burning scrubland has reduced visibility on the forest road. Villagers have been asked to stay alert.","Wildfire"
"forest department staff are cutting fire lines to stop the blaze from reaching villages at Sarjapur Road. The fire is moving faster than the crews can cut breaks. Fire watchers have been posted around the village","Wildfire"
"A multi-storey building gave way without warning and people are trapped under the rubble around Bannerghatta Road. Cranes are being brought in. The owner has not yet been traced. Any updates?","Building Collapse"
"Waterlogging on the main road has left cars stranded up to their doors near Mysuru.","Flood"
"A child has been missing since the afternoon, and volunteers are searching the neighbourhood. Officials are asking people to keep windows closed.","Other"
"Eyewitnesses report that thick black smoke is pouring out of a residential block in Kodagu. Power supply to the area has been cut.","Fire"
"Alert: the old lodge partially collapsed in the night in Marathahalli, leaving a huge pile of bricks and beams. A thick cloud of dust covered the whole lane.","Building Collapse"
"Buildings shook for nearly half a minute and people ran out onto the streets. Experts warn that aftershocks are possible.","Earthquake"
"Pedestrian knocked down by a speeding vehicle on the main road. Drive carefully around the area.","Road Accident"
"A balcony slab and the floors below it have caved in. Sniffer dogs are being used to look for survivors. Municipal engineers are inspecting nearby structures.","Building Collapse"
"Fishing boats are being hauled ashore as a deep depression turns into a cyclonic storm. Mobile towers have gone down. Residents are asked to stay indoors.","Cyclone"
"Fields and hamlets along the canal are underwater after the embankment gave way. Livestock are stranded on the higher ground. Rescue teams are on their way.","Flood"
"several vehicles were involved after one car lost control on the highway. The driver fled from the spot","Road Accident"
"Ash falling on villages near the forest as the blaze spreads across the ridge. Fire watchers have been posted around the village.","Wildfire"
"Two-wheeler rider hit by a speeding lorry. A crane is being called to remove the vehicles.","Road Accident"
"Update: wildfire has reached the edge of a national park, and animals are seen fleeing. Hundreds of hectares have been affected. Helicopters may be used to douse the flames.","Wildfire"
"Urgent: strong tremors felt across the area.","Earthquake"
"Muddy debris flowed down the steep slope and covered the road. Clearing work is expected to take many hours.","Landslide"
"An overloaded tipper hit a line of cars waiting at the signal. Several people are lying on the road. A crane is being called to remove the vehicles.","Road Accident"
"Massive fire near the market area near Hubballi. Smoke visible from several blocks.","Fire"
"Residential fire reported, family members trapped on the terrace. Residents are running out onto the street.","Fire"
"Several roads have become impassable after water levels rose rapidly following continuous rainfall around Chennai. Residents say the water rose within an hour. Please avoid travelling through this stretch.","Flood"
"Radiation warning sign found at an abandoned clinic, and the area has been cordoned off. Authorities are investigating the cause. Stay safe everyone.","Other"
"A blaze is tearing through a row of shops. Two people are feared to be inside.","Fire"
"Extremely severe storm expected to cross the coast in a few hours, with gale-force winds forecast. Lakhs of people have been shifted to shelters. Officials are tracking the system hourly.","Cyclone"
"Bamboo groves and teak trees are burning across several hectares. Hundreds of hectares have been affected.","Wildfire"
"Pressure vessel ruptured violently at a manufacturing plant around Shivamogga. Debris is scattered over a wide area. Emergency crews are checking for secondary blasts.","Explosion"
"Update: bike skidded and collided with an oncoming car in Hubballi, the rider is unconscious.","Road Accident"
"Large-scale power outage has left hospitals running on backup generators.","Other"
"Just heard that tonnes of earth slipped from the embankment and blocked the railway track. The road has been closed in both directions.","Landslide"
"Alert: water has entered several houses at Tumakuru. Disaster response teams have been called.","Flood"
"Car crashed into a parked container truck in dense fog. Traffic is backed up for miles. Traffic police are clearing the stretch.","Road Accident"
"Trees are down on every road after the storm's strongest winds hit. Coastal roads are littered with fallen trees.","Cyclone"
"Loud explosion reported around Bannerghatta Road, car alarms going off across the neighbourhood. Police have sealed the area.","Explosion"
"Felt a jolt followed by a rolling shake, ceiling fans swinging wildly in Silk Board junction. Gas supply was shut off as a precaution. Officials advise staying in open spaces.","Earthquake"
"A blaze is tearing through a row of shops.","Fire"
"Breaking: road completely flooded after hours of rain. Disaster response teams have been called.","Flood"
"Fire in a slum cluster in Chikkamagaluru has gutted dozens of huts. The smoke is visible from a kilometre away. Water tankers are being called in.","Fire"
"Thatched huts along the beach have been ripped apart by the fierce storm winds. Power has been cut proactively in low-lying zones.","Cyclone"
"Buildings shook for nearly half a minute and people ran out onto the streets. Water in overhead tanks was sloshing over.","Earthquake"
"Update: the old lodge partially collapsed in the night around Jayanagar, leaving a huge pile of bricks and beams. Please keep the road clear for rescue vehicles.","Building Collapse"
"The slope collapsed overnight and homes on the lower side are buried under earth. Disaster teams have reached the spot.","Landslide"
"Update: motorists are honking in a long jam behind a wrecked sedan and a mangled scooter. Oil is spilled across the carriageway.","Road Accident"
"An overloaded tipper hit a line of cars waiting at the signal around Shivamogga. A crane is being called to remove the vehicles.","Road Accident"
"A wall of a residential structure came down onto the lane, burying two parked cars. Neighbours are digging with their bare hands. Municipal engineers are inspecting nearby structures. Any updates?","Building Collapse"
"A summer blaze in the jungle is out of control and has scorched hundreds of acres.","Wildfire"
"Urgent: flights and ferries suspended as the cyclone nears the coast. Coastal roads are littered with fallen trees.","Cyclone"
"Part of the hill cutting slid onto the road, trapping two vehicles. More cracks are visible on the hillside. Officials warn of further slips if rain continues.","Landslide"
"Sections of a commercial complex have fallen in on themselves near Hosur Road. Adjoining buildings have been evacuated. NDRF personnel have arrived.","Building Collapse"
"Seismic activity woke residents at dawn around Rajarajeshwari Nagar and dogs began barking all over the neighbourhood. Children were crying and neighbours gathered in the open.","Earthquake"
"Firecracker unit blast has left several people injured in Sarjapur Road. Debris is scattered over a wide area.","Explosion"
"estate workers' lines were swept away when the hillside slumped at Tumakuru. More cracks are visible on the hillside. Please avoid the ghat section tonight","Landslide"
"compound wall of a school gave way and children were pulled out from the debris in Jayanagar. Sniffer dogs are being used to look for survivors","Building Collapse"
"Ash falling on villages near the forest as the blaze spreads across the ridge.","Wildfire"
"Locals say mass fainting was reported among factory workers in Hubballi due to unidentified fumes. Officials are asking people to keep windows closed.","Other"
"Rocks keep falling from the cliff above the road. Trees were uprooted and carried down with the soil.","Landslide"
"fishing boats are being hauled ashore as a deep depression turns into a cyclonic storm in Hyderabad. Fishermen are advised not to venture into the sea","Cyclone"
"A school van skidded and hit a tree by the roadside around Marathahalli. The front of the car is completely crushed. Traffic police are clearing the stretch.","Road Accident"
"Alert: sudden detonation-like sound from the workshop, and people are running away. Several workers have been rushed to hospital. Police have sealed the area.","Explosion"
"The hotel's second floor is on fire and guests are being brought down by ladders around Hubballi. Several fire units are still working on it.","Fire"
"Dry leaves and brush caught fire in Belagavi and strong winds are fanning it through the trees. Locals are advised to avoid the forest area.","Wildfire"
"Scaffolding and the slab it was holding up came crashing down at a construction site near Kodagu. Cranes are being brought in. Rescue teams are working through the night.","Building Collapse"
"Knee-deep water has been standing in the underpass since morning. Schools have been shut for the day. Traffic police have diverted vehicles.","Flood"
"Forest department staff are cutting fire lines to stop the blaze from reaching villages. Villagers have been asked to stay alert. Helicopters may be used to douse the flames.","Wildfire"
"Buildings shook for nearly half a minute and people ran out onto the streets around Delhi. Children were crying and neighbours gathered in the open. Please keep phone lines free for emergencies.","Earthquake"
"Massive fire near the market area in Pune. Smoke visible from several blocks. Nearby buildings are being emptied as a precaution. Water tankers are being called in.","Fire"
"Trees are down on every road after the storm's strongest winds hit.","Cyclone"
"Alert: multiple aftershocks have been felt through the night.","Earthquake"
"Strong tremors felt across the area. People are afraid to go back indoors.","Earthquake"
"A transformer blew up with a loud explosion and left the street in darkness. Ears were ringing for people standing close by. Stay safe everyone.","Explosion"
"Eyewitnesses report that A tanker carrying a hazardous liquid overturned and spilled its contents. Volunteers are helping at the spot.","Other"
"Eyewitnesses report that tonnes of earth slipped from the embankment and blocked the railway track. Villagers heard a rumbling sound before it came down.","Landslide"
"Fire in the reserve forest keeps flaring up despite efforts to douse it.","Wildfire"
"Breaking: traffic is stuck because loose soil and stones have come down across the mountain road. Officials warn of further slips if rain continues.","Landslide"
"Fishing boats are being hauled ashore as a deep depression turns into a cyclonic storm. Mobile towers have gone down. Officials are tracking the system hourly.","Cyclone"
"Bike skidded and collided with an oncoming car in Yelahanka, the rider is unconscious. Some passengers were thrown out of the vehicle. Drive carefully around the area.","Road Accident"
"Whole hillsides glowing orange at night as the forest burns.","Wildfire"
"Estate workers' lines were swept away when the hillside slumped. Excavators cannot reach the spot yet. Police are stopping vehicles at the foothills.","Landslide"
"Eyewitnesses report that bike skidded and collided with an oncoming car near Electronic City, the rider is unconscious. Ambulances are taking the injured to the nearest hospital.","Road Accident"
"Multiple aftershocks have been felt through the night. People are afraid to go back indoors. Experts warn that aftershocks are possible.","Earthquake"
"Fishing boats are being hauled ashore as a deep depression turns into a cyclonic storm around Kolkata.","Cyclone"
"Eyewitnesses report that flames have engulfed a godown storing packaging material.","Fire"
"A dilapidated house crumbled while its residents were sleeping.","Building Collapse"
"The roof of an old market caved in during business hours at Hubballi. Cranes are being brought in.","Building Collapse"
"Whole hillsides glowing orange at night as the forest burns at Rajarajeshwari Nagar. Hundreds of hectares have been affected. Nearby settlements are on alert.","Wildfire"
"A dilapidated house crumbled while its residents were sleeping in Peenya. Please keep the road clear for rescue vehicles. Pray for everyone affected.","Building Collapse"
"We heard a deafening boom and saw a mushroom of smoke rising. The cause is not yet known. Emergency crews are checking for secondary blasts.","Explosion"
"A major fire has broken out in a commercial building around Kodagu. The smoke is visible from a kilometre away. Several fire units are still working on it.","Fire"
"Alert: cyclone approaching the coast, fishermen have been told to return to harbour. Evacuation of coastal villages is underway.","Cyclone"
"We heard a deafening boom and saw a mushroom of smoke rising. Injured people are being carried out on stretchers. Police have sealed the area.","Explosion"
"Storm surge is pushing seawater into coastal hamlets while the cyclone's eye nears. Schools and colleges are closed.","Cyclone"
"Residential fire reported, family members trapped on the terrace. Cylinders are being removed from nearby shops. Emergency services have been alerted.","Fire"
"Trees are down on every road after the storm's strongest winds hit near Hosur Road. Sea is extremely rough with huge swells.","Cyclone"
"A child has been missing since the afternoon, and volunteers are searching the neighbourhood.","Other"
"A short circuit is believed to have started a fire in an office tower around Shivamogga. Two people are feared to be inside. Fire engines have reached the spot. Pray for everyone affected.","Fire"
"Rescuers are pulling survivors from the remains of a three-storey house that pancaked.","Building Collapse"
"Tonnes of earth slipped from the embankment and blocked the railway track.","Landslide"
"Blast in a scrapyard at Yelahanka was felt over a kilometre away. Ambulances are shuttling the injured.","Explosion"
"Traffic signals and the metro control system went down, leaving the city in chaos in Chennai. Nearby schools have been closed. Emergency teams have been informed.","Other"
"The lake breached its bund and water is spreading into nearby layouts at Peenya. Children and elderly people are being moved first. Pumps are being deployed to clear the water.","Flood"
"Basements are filling up with water and residents cannot get their vehicles out around Delhi. The water level is still going up.","Flood"
"Forest fire spreading rapidly through dry undergrowth. Villagers have been asked to stay alert.","Wildfire"
"heavy rainfall has caused severe flooding, blocking several roads. Electricity has been switched off in the area. Disaster response teams have been called","Flood"
"Residents were evacuated after thick smoke began filling the upper floors of an apartment at Delhi.","Fire"
"A section of the mountain crumbled after days of rain, leaving the pass full of rubble at Hubballi. Please avoid the ghat section tonight","Landslide"
"The old lodge partially collapsed in the night near Hosur Road, leaving a huge pile of bricks and beams. The structure had reportedly been declared unsafe. Rescue teams are working through the night.","Building Collapse"
"Flights and ferries suspended as the cyclone nears the coast. Trains on the coastal line have been cancelled. Schools and colleges are closed.","Cyclone"
"A pedestrian bridge has developed serious cracks and has been closed to the public. The source is being identified.","Other"
"Sudden outbreak of illness at a hostel around Kolkata; many students are being admitted to hospital. The source is being identified.","Other"
"Waterlogging on the main road has left cars stranded up to their doors around Hebbal. Children and elderly people are being moved first. Please share.","Flood"
"Water released from the dam is rising rapidly along the riverside villages. Mobile networks are patchy.","Flood"
"A magnitude 5 quake was recorded and the shaking was felt in several districts in Mumbai. Water in overhead tanks was sloshing over.","Earthquake"
"A school van skidded and hit a tree by the roadside at Electronic City. Oil is spilled across the carriageway. Drive carefully around the area.","Road Accident"
"Smoke from the burning scrubland has reduced visibility on the forest road. The blaze is visible from far away at night.","Wildfire"
"Everyone in the office felt the floor move; we evacuated to the parking lot at Whitefield. Gas supply was shut off as a precaution. Experts warn that aftershocks are possible.","Earthquake"
"Buildings shook for nearly half a minute and people ran out onto the streets. People are afraid to go back indoors. Schools have been asked to inspect their buildings. Stay safe everyone.","Earthquake"
"Flames have engulfed a godown storing packaging material.","Fire"
"Storm surge is pushing seawater into coastal hamlets while the cyclone's eye nears.","Cyclone"
"Cracks have appeared on walls after a strong seismic event near Indiranagar. People are afraid to go back indoors.","Earthquake"
"Breaking: stormwater drains are overflowing and dirty water is flowing into homes at Hebbal. Mobile networks are patchy.","Flood"
"Massive fire near the market area around Hebbal. Smoke visible from several blocks. The smoke is visible from a kilometre away. Firefighters are trying to bring it under control.","Fire"
"Breaking: grass fire spreading on the foothills in Whitefield, it has already crossed a track and is heading toward the plantation. Villagers have been asked to stay alert.","Wildfire"
"Suspected contamination of the municipal water supply in Belagavi has led to a wave of stomach illness. Emergency teams have been informed.","Other"
"An apartment kitchen caught fire and the flames spread to neighbouring flats around Kolkata. Nearby buildings are being emptied as a precaution. Police have cordoned off the lane.","Fire"
"Water has entered several houses. Drinking water supply has stopped.","Flood"
"Urgent: the storm system intensified overnight and is expected to make landfall by evening. Trains on the coastal line have been cancelled. Residents are asked to stay indoors.","Cyclone"
"residents report that tap water has turned yellow and smells of sewage in Mumbai; several people are sick. Updates will follow as more information comes in","Other"
"Just heard that A bus and a truck collided head-on near Whitefield, leaving many passengers injured. Oil is spilled across the carriageway. Drive carefully around the area.","Road Accident"
"Multiple aftershocks have been felt through the night in Peenya. Social media is full of people asking if others felt it.","Earthquake"
"Gas leak reported in a residential lane; the supply has been shut and no ignition has occurred. The area has been barricaded. Updates will follow as more information comes in. Pray for everyone affected.","Other"
"Pressure vessel ruptured violently at a manufacturing plant. Metal pieces landed on rooftops around. Officials have started an inquiry.","Explosion"
"Firecracker unit blast has left several people injured.","Explosion"
"Just heard that vehicles collided at high speed near the flyover, glass and metal strewn across the lanes. Traffic police are clearing the stretch.","Road Accident"
"Locals say sections of a commercial complex have fallen in on themselves. Labourers are believed to be under the debris.","Building Collapse"
"Urgent: flames are racing across a dry grassland and jumping to nearby scrub.","Wildfire"
"Multiple aftershocks have been felt through the night. Water in overhead tanks was sloshing over. Officials advise staying in open spaces.","Earthquake"
"Sudden shaking of the ground lasted a few seconds around Chikkamagaluru, and phone lines got jammed. Water in overhead tanks was sloshing over. Schools have been asked to inspect their buildings.","Earthquake"
"The ground started shaking suddenly and furniture moved across the room. Water in overhead tanks was sloshing over.","Earthquake"
"Alert: dry leaves and brush caught fire and strong winds are fanning it through the trees. Ash is drifting for miles. Forest guards and volunteers are trying to contain it.","Wildfire"
"A multi-storey building gave way without warning and people are trapped under the rubble.","Building Collapse"
"basements are filling up with water and residents cannot get their vehicles out. Locals are asking for boats","Flood"
"A powerful explosion ripped through a factory, shattering windows of nearby buildings. There is dust and smoke hanging over the site.","Explosion"
"Motorists are honking in a long jam behind a wrecked sedan and a mangled scooter at Koramangala. The driver fled from the spot. Drive carefully around the area.","Road Accident"
"The subway is submerged and commuters are wading through waist-high water in Bengaluru. Children and elderly people are being moved first. Authorities are monitoring the water levels.","Flood"
"Suspected contamination of the municipal water supply has led to a wave of stomach illness. Health officials are collecting samples.","Other"
"Loud explosion reported at Delhi, car alarms going off across the neighbourhood. Please stay away from the site.","Explosion"
"Ceiling of a community hall fell on the gathering at Belagavi, several people under concrete slabs. Neighbours are digging with their bare hands. NDRF personnel have arrived.","Building Collapse"
"Storm surge is pushing seawater into coastal hamlets while the cyclone's eye nears. Power has been cut proactively in low-lying zones. Please keep a battery-powered radio ready.","Cyclone"
"A mudslide has buried a stretch of the ghat road. Pray for everyone affected.","Landslide"
"Just heard that flames are racing across a dry grassland and jumping to nearby scrub. Forest guards and volunteers are trying to contain it.","Wildfire"
"Residents were evacuated after thick smoke began filling the upper floors of an apartment. Cylinders are being removed from nearby shops.","Fire"
"Cyclone landfall has caused power lines to snap across the coastal belt around Chikkamagaluru. Evacuation of coastal villages is underway.","Cyclone"
"Group of trekkers reported missing after failing to return from the trail. Many people are anxious and waiting for information. Health officials are collecting samples.","Other"
"Huge blast heard near the industrial area. Metal pieces landed on rooftops around.","Explosion"
"Panic as the earth trembled in the early hours near Koramangala. Gas supply was shut off as a precaution.","Earthquake"
"Sections of a commercial complex have fallen in on themselves in Pune. NDRF personnel have arrived. Please share.","Building Collapse"
"Huge blast heard near the industrial area.","Explosion"
"Gas explosion in a residential lane has damaged the front of two houses. Ears were ringing for people standing close by. Emergency crews are checking for secondary blasts.","Explosion"
"A dilapidated house crumbled while its residents were sleeping in Sarjapur Road.","Building Collapse"
"Locals say pedestrian knocked down by a speeding vehicle on the main road at Hubballi. Police have reached the spot and are diverting traffic.","Road Accident"
"A school van skidded and hit a tree by the roadside. The front of the car is completely crushed.","Road Accident"
"Seismologists have recorded an earthquake with its epicentre close to Hebbal. Social media is full of people asking if others felt it.","Earthquake"
"Urgent: A dilapidated house crumbled while its residents were sleeping around Peenya. Cranes are being brought in.","Building Collapse"
"Felt a jolt followed by a rolling shake, ceiling fans swinging wildly in Yelahanka.","Earthquake"
"Large-scale power outage has left hospitals running on backup generators. Authorities are investigating the cause.","Other"
"tropical storm brought violent gusts and sheets of rain, and hoardings have been blown away. Residents are asked to stay indoors","Cyclone"
"Flights and ferries suspended as the cyclone nears the coast.","Cyclone"
"Locals say the sky went dark and the wind howled all night as the cyclone crossed the coast. Lakhs of people have been shifted to shelters.","Cyclone"
"Fire in a slum cluster at Silk Board junction has gutted dozens of huts. Emergency services have been alerted.","Fire"
"Hanging lamps swayed and utensils rattled for several seconds in Sarjapur Road.","Earthquake"
"Urgent: fire in a slum cluster has gutted dozens of huts. Nearby buildings are being emptied as a precaution.","Fire"
"A tempo traveller rammed into a divider and rolled over. Airbags deployed but the driver is trapped. A crane is being called to remove the vehicles.","Road Accident"
"Update: dust cloud rose after an old tenement building folded down.","Building Collapse"
"Overhead high-tension cable fell on the road, and residents are asked not to step out. The area has been barricaded.","Other"
"Loud explosion reported, car alarms going off across the neighbourhood. Debris is scattered over a wide area. Police have sealed the area.","Explosion"
"Update: flames are racing across a dry grassland and jumping to nearby scrub.","Wildfire"
"Alert: under-construction apartment block fell down in a heap of concrete. Rescue teams are working through the night.","Building Collapse"
"Extremely severe storm expected to cross the coast in a few hours, with gale-force winds forecast. Lakhs of people have been shifted to shelters.","Cyclone"
"Blast in a scrapyard in Belagavi was felt over a kilometre away. Injured people are being carried out on stretchers. Bomb disposal and forensic teams have been informed.","Explosion"
"Forest department staff are cutting fire lines to stop the blaze from reaching villages. The blaze is visible from far away at night.","Wildfire"
"Large-scale power outage has left hospitals running on backup generators. Hospitals have been told to be ready. Authorities are investigating the cause.","Other"
"The river has overflowed its banks and low-lying colonies are submerged at Yelahanka.","Flood"
"Just heard that loud explosion reported, car alarms going off across the neighbourhood. Injured people are being carried out on stretchers.","Explosion"
"Buildings shook for nearly half a minute and people ran out onto the streets. People are afraid to go back indoors.","Earthquake"
"A gas cylinder exploded in a restaurant kitchen. Debris is scattered over a wide area. Emergency crews are checking for secondary blasts.","Explosion"
"Bamboo groves and teak trees are burning across several hectares around Kalaburagi. The terrain makes it hard for crews to reach the area.","Wildfire"
"Sudden outbreak of illness at a hostel; many students are being admitted to hospital. Updates will follow as more information comes in.","Other"
"Residential fire reported, family members trapped on the terrace. Power supply to the area has been cut. Water tankers are being called in.","Fire"
"traffic accident at the junction, an auto is lying overturned. Oil is spilled across the carriageway. Traffic police are clearing the stretch.","Road Accident"
"Update: water released from the dam is rising rapidly along the riverside villages. Drinking water supply has stopped.","Flood"
"A section of the mountain crumbled after days of rain, leaving the pass full of rubble. Clearing work is expected to take many hours.","Landslide"
"Grass fire spreading on the foothills, it has already crossed a track and is heading toward the plantation. Helicopters may be used to douse the flames.","Wildfire"
"A vegetation fire on the hillside is sending smoke across the valley. The fire is moving faster than the crews can cut breaks. Fire watchers have been posted around the village.","Wildfire"
"Eyewitnesses report that hanging lamps swayed and utensils rattled for several seconds. Some old houses have developed cracks. Authorities are checking for structural damage.","Earthquake"
"Slope failure near a construction site near Tumakuru has sent mud and debris onto the lane below. The road has been closed in both directions.","Landslide"
"many streets are under water in Chikkamagaluru. Two-wheelers are floating down the lane. Relief camps are being opened nearby.","Flood"
"Ceiling of a community hall fell on the gathering in Mumbai, several people under concrete slabs. Cranes are being brought in. NDRF personnel have arrived.","Building Collapse"
"Strong tremors felt across the area. Experts warn that aftershocks are possible.","Earthquake"
"Road blocked by mud and rocks that came down from the slope in Bengaluru.","Landslide"
"A magnitude 5 quake was recorded and the shaking was felt in several districts. Authorities are checking for structural damage.","Earthquake"
"fields and hamlets along the canal are underwater after the embankment gave way. Relief camps are being opened nearby","Flood"
"Huge blast heard near the industrial area at Pune. Injured people are being carried out on stretchers. Police have sealed the area.","Explosion"
"Gas explosion in a residential lane near Delhi has damaged the front of two houses. Several workers have been rushed to hospital. Ambulances are shuttling the injured.","Explosion"
"Reports coming in that buildings shook for nearly half a minute and people ran out onto the streets near Kolkata. Water in overhead tanks was sloshing over.","Earthquake"
"Felt a jolt followed by a rolling shake, ceiling fans swinging wildly. Some old houses have developed cracks. Authorities are checking for structural damage.","Earthquake"
"Storm surge is pushing seawater into coastal hamlets while the cyclone's eye nears. Coastal roads are littered with fallen trees. Relief teams are on standby.","Cyclone"
"The upper floors of a shopping complex are covered in smoke and flames. The smoke is visible from a kilometre away. Fire engines have reached the spot.","Fire"
"An overloaded tipper hit a line of cars waiting at the signal in Rajarajeshwari Nagar. Oil is spilled across the carriageway. Drive carefully around the area.","Road Accident"
"Seismic activity woke residents at dawn and dogs began barking all over the neighbourhood. Schools have been asked to inspect their buildings.","Earthquake"
"The old lodge partially collapsed in the night, leaving a huge pile of bricks and beams. Neighbours are digging with their bare hands.","Building Collapse"
"Alert: hundreds stranded at the station after a sudden strike, with elderly passengers needing medical help. The area has been barricaded. Updates will follow as more information comes in.","Other"
"Eyewitnesses report that trekkers were evacuated after flames swept through the dry forest trail. The terrain makes it hard for crews to reach the area. Helicopters may be used to douse the flames.","Wildfire"
"Suspected contamination of the municipal water supply has led to a wave of stomach illness. Nearby schools have been closed. Updates will follow as more information comes in.","Other"
"A gas cylinder exploded in a restaurant kitchen near Kolkata. Emergency crews are checking for secondary blasts.","Explosion"
"fishing boats are being hauled ashore as a deep depression turns into a cyclonic storm at Yelahanka. Power has been cut proactively in low-lying zones","Cyclone"
"Residential fire reported, family members trapped on the terrace. Power supply to the area has been cut.","Fire"
"An explosion at a chemical unit sent debris flying across the compound. Metal pieces landed on rooftops around. Bomb disposal and forensic teams have been informed.","Explosion"
"Waterlogging on the main road has left cars stranded up to their doors. Children and elderly people are being moved first. Volunteers are distributing food packets.","Flood"
"Urgent: knee-deep water has been standing in the underpass since morning around Electronic City. Volunteers are distributing food packets.","Flood"
"Tropical storm brought violent gusts and sheets of rain, and hoardings have been blown away. Relief teams are on standby.","Cyclone"
"Pressure vessel ruptured violently at a manufacturing plant. Injured people are being carried out on stretchers. Any updates?","Explosion"
"Smoke from the burning scrubland at Hubballi has reduced visibility on the forest road. Strong winds are pushing the flames. Locals are advised to avoid the forest area.","Wildfire"
"State transport bus veered off the road and fell into a ditch. The front of the car is completely crushed. Police have reached the spot and are diverting traffic.","Road Accident"
"Multiple aftershocks have been felt through the night near Yelahanka.","Earthquake"
"fire broke out near the main road. Two people are feared to be inside.","Fire"
"Dust cloud rose after an old tenement building folded down. Cranes are being brought in. Pray for everyone affected.","Building Collapse"
"Reports coming in that traffic is stuck because loose soil and stones have come down across the mountain road. Police are stopping vehicles at the foothills.","Landslide"
"Dry leaves and brush caught fire and strong winds are fanning it through the trees. Strong winds are pushing the flames. Locals are advised to avoid the forest area.","Wildfire"
"Scaffolding and the slab it was holding up came crashing down at a construction site at Pune. Sniffer dogs are being used to look for survivors.","Building Collapse"
"Ground-floor homes are underwater and families are moving to rooftops at Mangaluru. Authorities are monitoring the water levels.","Flood"
"A tempo traveller rammed into a divider and rolled over. Police have reached the spot and are diverting traffic.","Road Accident"
"Rocks keep falling from the cliff above the road around Bengaluru.","Landslide"
"Breaking: massive fire near the market area. Smoke visible from several blocks. Fire engines have reached the spot.","Fire"
"A transformer blew up with a loud explosion and left the street in darkness.","Explosion"
"A wall of a residential structure came down onto the lane, burying two parked cars. Labourers are believed to be under the debris. Please keep the road clear for rescue vehicles.","Building Collapse"
"Locals say pedestrian knocked down by a speeding vehicle on the main road near Tumakuru. The front of the car is completely crushed. A crane is being called to remove the vehicles.","Road Accident"
"A major water pipeline has failed and thousands of households have no supply at Chikkamagaluru. Hospitals have been told to be ready.","Other"
"Under-construction apartment block fell down in a heap of concrete.","Building Collapse"
"Traffic is stuck because loose soil and stones have come down across the mountain road in Hyderabad. The road has been closed in both directions. Police are stopping vehicles at the foothills.","Landslide"
"Road blocked by mud and rocks that came down from the slope at Hyderabad. Families from the lower houses have moved to a school. Police are stopping vehicles at the foothills.","Landslide"
"Reports coming in that whole hillsides glowing orange at night as the forest burns at Jayanagar. Nearby settlements are on alert.","Wildfire"
"Large-scale power outage has left hospitals running on backup generators. Officials are asking people to keep windows closed.","Other"
"Under-construction apartment block fell down in a heap of concrete around Kodagu. Cranes are being brought in. Ambulances are waiting at the site.","Building Collapse"
"A tempo traveller rammed into a divider near Tumakuru and rolled over. Passersby pulled the injured out of the wreckage. Please share.","Road Accident"
"Update: A wall of a residential structure came down onto the lane near Bengaluru, burying two parked cars. Voices can be heard from under the slabs.","Building Collapse"
"Residents were evacuated after thick smoke began filling the upper floors of an apartment. Power supply to the area has been cut.","Fire"
"Update: cyclone landfall has caused power lines to snap across the coastal belt at Yelahanka.","Cyclone"
"Trees are down on every road after the storm's strongest winds hit. Coastal roads are littered with fallen trees. Officials are tracking the system hourly.","Cyclone"
"Residents of high-rise apartments around Peenya rushed downstairs as the whole building began vibrating. Some old houses have developed cracks. Authorities are checking for structural damage.","Earthquake"
"Loud explosion reported in Shivamogga, car alarms going off across the neighbourhood. The shock was felt in nearby streets.","Explosion"
"Update: A powerful explosion ripped through a factory at Bannerghatta Road, shattering windows of nearby buildings. Injured people are being carried out on stretchers. Please stay away from the site.","Explosion"
"Residents of high-rise apartments rushed downstairs as the whole building began vibrating. People are afraid to go back indoors. Please share.","Earthquake"
"Knee-deep water has been standing in the underpass since morning. Two-wheelers are floating down the lane. Volunteers are distributing food packets.","Flood"
"Gas explosion in a residential lane has damaged the front of two houses. Injured people are being carried out on stretchers. Please stay away from the site.","Explosion"
"A gas cylinder exploded in a restaurant kitchen. Please stay away from the site.","Explosion"
"Red alert has been issued for the coast as the cyclone intensifies around Mangaluru.","Cyclone"
"Loud cracking sounds and then the whole structure sank to the ground in Kodagu. A thick cloud of dust covered the whole lane.","Building Collapse"
"Felt a jolt followed by a rolling shake, ceiling fans swinging wildly. Social media is full of people asking if others felt it.","Earthquake"
"fire broke out near the main road near Peenya. People are trapped inside. Fire engines have reached the spot.","Fire"
"A transformer blew up with a loud explosion and left the street in darkness around Sarjapur Road. Several workers have been rushed to hospital. Police have sealed the area.","Explosion"
"Fields and hamlets along the canal are underwater after the embankment gave way.","Flood"
"Urgent: large-scale power outage has left hospitals running on backup generators around Silk Board junction. Emergency teams have been informed.","Other"
"A bus depot is burning and several parked vehicles have been gutted around Bengaluru. Two people are feared to be inside. Ambulances are on standby","Fire"
"A dilapidated house crumbled while its residents were sleeping. The owner has not yet been traced.","Building Collapse"
"Eyewitnesses report that dust cloud rose after an old tenement building folded down in Hebbal. NDRF personnel have arrived.","Building Collapse"
"A powerful explosion ripped through a factory, shattering windows of nearby buildings.","Explosion"
"Just heard that an overloaded tipper hit a line of cars waiting at the signal.","Road Accident"
"Hundreds stranded at the station after a sudden strike, with elderly passengers needing medical help near Hosur Road. Some residents have complained of dizziness. Emergency teams have been informed.","Other"
"Flames are racing across a dry grassland around Chennai and jumping to nearby scrub. The fire is moving faster than the crews can cut breaks. Locals are advised to avoid the forest area.","Wildfire"
"Locals say felt a jolt followed by a rolling shake, ceiling fans swinging wildly. Water in overhead tanks was sloshing over. Experts warn that aftershocks are possible.","Earthquake"
"Update: tropical storm brought violent gusts and sheets of rain, and hoardings have been blown away near Mumbai. Officials are tracking the system hourly.","Cyclone"
"Water released from the dam is rising rapidly along the riverside villages around Mangaluru. Authorities are monitoring the water levels.","Flood"
"Sparks from a transformer set a shop shutter alight and the flames are spreading fast. Water tankers are being called in.","Fire"
"Just heard that muddy debris flowed down the steep slope and covered the road. The road has been closed in both directions.","Landslide"
"pedestrian knocked down by a speeding vehicle on the main road. Airbags deployed but the driver is trapped. A crane is being called to remove the vehicles","Road Accident"
"Hanging lamps swayed and utensils rattled for several seconds at Belagavi. Some old houses have developed cracks. Please keep phone lines free for emergencies.","Earthquake"
"The hillside gave way after several hours of heavy rain, covering the highway with soil and rocks near Jayanagar. Rescuers are digging through the mud by hand.","Landslide"
"Tropical storm brought violent gusts and sheets of rain, and hoardings have been blown away at Shivamogga. Power has been cut proactively in low-lying zones.","Cyclone"
"flights and ferries suspended as the cyclone nears the coast in Hubballi. Fishermen are advised not to venture into the sea","Cyclone"
"Tropical storm brought violent gusts and sheets of rain, and hoardings have been blown away at Belagavi. Mobile towers have gone down. Schools and colleges are closed.","Cyclone"
"A mudslide has buried a stretch of the ghat road. Travellers are advised to take an alternate route.","Landslide"
"Pedestrian knocked down by a speeding vehicle on the main road in Marathahalli. Police have reached the spot and are diverting traffic.","Road Accident"
"Locals say we heard a deafening boom and saw a mushroom of smoke rising. Metal pieces landed on rooftops around.","Explosion"
"Hanging lamps swayed and utensils rattled for several seconds around Kodagu. Water in overhead tanks was sloshing over. Authorities are checking for structural damage.","Earthquake"
"Reports coming in that tonnes of earth slipped from the embankment and blocked the railway track near Mumbai. Villagers heard a rumbling sound before it came down. Clearing work is expected to take many hours.","Landslide"
"Windows cracked in nearby houses after a sudden thunderous blast in Tumakuru. There is dust and smoke hanging over the site.","Explosion"
"Breaking: compound wall of a school gave way and children were pulled out from the debris around Peenya.","Building Collapse"
"Eyewitnesses report that severe heat conditions have sent many people to hospital with heatstroke. Health workers have set up a temporary camp. Updates will follow as more information comes in.","Other"
"Just heard that fumes from a pesticide store are drifting into a residential area around Koramangala.","Other"
"Panic as the earth trembled in the early hours near Koramangala.","Earthquake"
"Trekkers were evacuated after flames swept through the dry forest trail. The fire is moving faster than the crews can cut breaks. Locals are advised to avoid the forest area.","Wildfire"
"Fire in a slum cluster has gutted dozens of huts.","Fire"
"A major water pipeline has failed and thousands of households have no supply in Kodagu. Some residents have complained of dizziness. Volunteers are helping at the spot.","Other"
"car crashed into a parked container truck in dense fog. Oil is spilled across the carriageway","Road Accident"
"Suspected contamination of the municipal water supply in Koramangala has led to a wave of stomach illness. Some residents have complained of dizziness.","Other"
"Pressure vessel ruptured violently at a manufacturing plant. Debris is scattered over a wide area. Bomb disposal and forensic teams have been informed.","Explosion"
"Gas explosion in a residential lane has damaged the front of two houses. Debris is scattered over a wide area. Emergency crews are checking for secondary blasts.","Explosion"
"Fire in the woodland in Chikkamagaluru has been burning since last night and is now moving uphill. Wild animals are moving toward the villages. Helicopters may be used to douse the flames.","Wildfire"
"A vegetation fire on the hillside is sending smoke across the valley. Hundreds of hectares have been affected. Stay safe everyone.","Wildfire"
"Alert: the river has overflowed its banks and low-lying colonies are submerged around Jayanagar. Mobile networks are patchy. Please avoid travelling through this stretch.","Flood"
"Breaking: boulders and debris rolled down the hill and crushed a few houses at the base at Silk Board junction. More cracks are visible on the hillside. Police are stopping vehicles at the foothills.","Landslide"
"Ash falling on villages near the forest as the blaze spreads across the ridge. The terrain makes it hard for crews to reach the area.","Wildfire"
"Road blocked by mud and rocks that came down from the slope in Yelahanka.","Landslide"
"A powerful explosion ripped through a factory around Belagavi, shattering windows of nearby buildings. Metal pieces landed on rooftops around.","Explosion"
"Radiation warning sign found at an abandoned clinic, and the area has been cordoned off. Some residents have complained of dizziness.","Other"
"Traffic signals and the metro control system went down, leaving the city in chaos. Hospitals have been told to be ready. Emergency teams have been informed.","Other"
"Locals say muddy debris flowed down the steep slope and covered the road. Please avoid the ghat section tonight.","Landslide"
"Strong tremors felt across the area. Disaster management teams are surveying the area.","Earthquake"
"large-scale power outage has left hospitals running on backup generators","Other"
"Rescuers are pulling survivors from the remains of a three-storey house that pancaked. Cranes are being brought in. Ambulances are waiting at the site.","Building Collapse"
"We heard a deafening boom and saw a mushroom of smoke rising at Whitefield. Officials have started an inquiry.","Explosion"
"Road completely flooded after hours of rain near Koramangala. Livestock are stranded on the higher ground. Authorities are monitoring the water levels. Any updates?","Flood"
"Muddy debris flowed down the steep slope and covered the road at Hyderabad.","Landslide"
"Ash falling on villages near the forest as the blaze spreads across the ridge. The fire is moving faster than the crews can cut breaks.","Wildfire"
"Rocks keep falling from the cliff above the road in Mangaluru. Clearing work is expected to take many hours.","Landslide"
"building suddenly collapsed near Tumakuru. Neighbours are digging with their bare hands.","Building Collapse"
"Sparks from a transformer set a shop shutter alight around Bannerghatta Road and the flames are spreading fast. Several fire units are still working on it.","Fire"
"Just heard that forest department staff are cutting fire lines to stop the blaze from reaching villages. Hundreds of hectares have been affected.","Wildfire"
"Buses have stopped running because the road is under a metre of water.","Flood"
"Forest department staff are cutting fire lines to stop the blaze from reaching villages. The terrain makes it hard for crews to reach the area. Authorities are assessing the damage to the reserve.","Wildfire"
"We heard a deafening boom and saw a mushroom of smoke rising.","Explosion"
"Locals say boulders and debris rolled down the hill and crushed a few houses at the base near Bengaluru.","Landslide"
"People were asked to leave their homes and gather at the community centre at Kalaburagi as a precaution, though the reason is unclear. Nearby schools have been closed. Any updates?","Other"
"traffic accident at the junction at Indiranagar, an auto is lying overturned. Please use the service road.","Road Accident"
"Reports coming in that A balcony slab and the floors below it have caved in in Yelahanka. A thick cloud of dust covered the whole lane. Municipal engineers are inspecting nearby structures.","Building Collapse"
"Urgent: seismologists have recorded an earthquake with its epicentre close to Delhi. Children were crying and neighbours gathered in the open.","Earthquake"
"Grass fire spreading on the foothills, it has already crossed a track and is heading toward the plantation. The blaze is visible from far away at night.","Wildfire"
"Reports coming in that cyclone landfall has caused power lines to snap across the coastal belt. Fishermen are advised not to venture into the sea. Relief teams are on standby.","Cyclone"
"Urgent: flames have engulfed a godown storing packaging material. Two people are feared to be inside. Please avoid the road.","Fire"
"People were asked to leave their homes and gather at the community centre as a precaution, though the reason is unclear. Health workers have set up a temporary camp. Health officials are collecting samples.","Other"
"Residents of high-rise apartments rushed downstairs as the whole building began vibrating.","Earthquake"
"Alert: trees are down on every road after the storm's strongest winds hit.","Cyclone"
"strong tremors felt across the area. Metro services were briefly halted","Earthquake"
"Several roads have become impassable after water levels rose rapidly following continuous rainfall. Drinking water supply has stopped.","Flood"
"Rescue boats are being used to bring people out of inundated apartments. Locals are asking for boats. Authorities are monitoring the water levels.","Flood"
"Water released from the dam is rising rapidly along the riverside villages.","Flood"
"traffic accident at the junction at Hubballi, an auto is lying overturned.","Road Accident"
"Eyewitnesses report that flights and ferries suspended as the cyclone nears the coast. Officials are tracking the system hourly.","Cyclone"
"The lake breached its bund and water is spreading into nearby layouts.","Flood"
"Thatched huts along the beach have been ripped apart by the fierce storm winds in Kalaburagi.","Cyclone"
"People were asked to leave their homes and gather at the community centre as a precaution, though the reason is unclear. Nearby schools have been closed. Emergency teams have been informed. Any updates?","Other"
"Just heard that loud explosion reported around Hyderabad, car alarms going off across the neighbourhood. Please stay away from the site.","Explosion"
"Eyewitnesses report that overnight downpour left entire neighbourhoods cut off, with water still rising. Schools have been shut for the day.","Flood"
"Just heard that A powerful explosion ripped through a factory, shattering windows of nearby buildings. Debris is scattered over a wide area. Bomb disposal and forensic teams have been informed.","Explosion"
"Traffic signals and the metro control system went down, leaving the city in chaos near Hyderabad. Updates will follow as more information comes in.","Other"
"Part of the hill cutting slid onto the road around Marathahalli, trapping two vehicles. Police are stopping vehicles at the foothills.","Landslide"
"Gas leak reported in a residential lane at Rajarajeshwari Nagar; the supply has been shut and no ignition has occurred.","Other"
"Just heard that the upper floors of a shopping complex are covered in smoke and flames. Cylinders are being removed from nearby shops. Ambulances are on standby.","Fire"
"Urgent: multiple aftershocks have been felt through the night at Chennai. Schools have been asked to inspect their buildings.","Earthquake"
"Just heard that dust cloud rose after an old tenement building folded down. Sniffer dogs are being used to look for survivors. Rescue teams are working through the night.","Building Collapse"
"Vehicles collided at high speed near the flyover, glass and metal strewn across the lanes. Oil is spilled across the carriageway.","Road Accident"
"A magnitude 5 quake was recorded and the shaking was felt in several districts. No major damage has been reported yet.","Earthquake"
"Traffic is stuck because loose soil and stones have come down across the mountain road. Police are stopping vehicles at the foothills.","Landslide"
"Fire tenders are struggling to reach a burning building in a narrow lane in Bannerghatta Road. Firefighters are trying to bring it under control. Please share.","Fire"
"A vegetation fire on the hillside is sending smoke across the valley. Ash is drifting for miles","Wildfire"
"Earthquake reported, people are standing outside their homes. Some old houses have developed cracks. Authorities are checking for structural damage.","Earthquake"
"Large-scale power outage has left hospitals running on backup generators near Chennai. Health officials are collecting samples.","Other"
"Soil collapse on the hill road has cut off several villages.","Landslide"
"buildings shook for nearly half a minute and people ran out onto the streets. Gas supply was shut off as a precaution","Earthquake"
"Pedestrian knocked down by a speeding vehicle on the main road. Airbags deployed but the driver is trapped. A crane is being called to remove the vehicles.","Road Accident"
"hanging lamps swayed and utensils rattled for several seconds near Chennai. Schools have been asked to inspect their buildings","Earthquake"
"fire broke out near the main road. Shopkeepers are trying to save stock. Water tankers are being called in.","Fire"
"large-scale power outage has left hospitals running on backup generators at Mysuru. Hospitals have been told to be ready","Other"
"Eyewitnesses report that A child has been missing since the afternoon, and volunteers are searching the neighbourhood.","Other"
"Smoke from the burning scrubland around Hubballi has reduced visibility on the forest road. Strong winds are pushing the flames.","Wildfire"
"Alert: A blaze is tearing through a row of shops. Two people are feared to be inside. Ambulances are on standby.","Fire"
"Flights and ferries suspended as the cyclone nears the coast near Bannerghatta Road. Coastal roads are littered with fallen trees. Residents are asked to stay indoors.","Cyclone"
"Under-construction apartment block fell down in a heap of concrete. The structure had reportedly been declared unsafe. NDRF personnel have arrived. Pray for everyone affected.","Building Collapse"
"Urgent: severe heat conditions have sent many people to hospital with heatstroke. Nearby schools have been closed.","Other"
"Workers were thrown off their feet when a boiler burst at the plant. Metal pieces landed on rooftops around.","Explosion"
"Firecracker unit blast has left several people injured at Shivamogga. Emergency crews are checking for secondary blasts.","Explosion"
"Burning plastic smell and heavy smoke from a scrapyard. Residents are running out onto the street.","Fire"
"Just heard that everyone in the office felt the floor move; we evacuated to the parking lot.","Earthquake"
"Smoke from the burning scrubland near Marathahalli has reduced visibility on the forest road. Authorities are assessing the damage to the reserve.","Wildfire"
"Red alert has been issued for the coast as the cyclone intensifies. Schools and colleges are closed. Pray for everyone affected.","Cyclone"
"Water released from the dam is rising rapidly along the riverside villages around Mangaluru. Pumps are being deployed to clear the water.","Flood"
"A transformer blew up with a loud explosion and left the street in darkness at Mumbai","Explosion"
"An apartment kitchen caught fire and the flames spread to neighbouring flats. People are trapped inside. Several fire units are still working on it.","Fire"
"Eyewitnesses report that pedestrian knocked down by a speeding vehicle on the main road in Kalaburagi. Some passengers were thrown out of the vehicle. Ambulances are taking the injured to the nearest hospital.","Road Accident"
"the hotel's second floor is on fire and guests are being brought down by ladders around Mangaluru. Emergency services have been alerted","Fire"
"Overnight downpour left entire neighbourhoods cut off, with water still rising. Disaster response teams have been called.","Flood"
"Urgent: loud cracking sounds and then the whole structure sank to the ground. The structure had reportedly been declared unsafe.","Building Collapse"
"Several roads have become impassable after water levels rose rapidly following continuous rainfall in Belagavi. Rescue teams are on their way.","Flood"
"The lake breached its bund and water is spreading into nearby layouts at Bannerghatta Road. Two-wheelers are floating down the lane.","Flood"
"The ground started shaking suddenly and furniture moved across the room. Some old houses have developed cracks. Disaster management teams are surveying the area.","Earthquake"
"Everyone in the office felt the floor move; we evacuated to the parking lot around Mangaluru. Some old houses have developed cracks. Experts warn that aftershocks are possible.","Earthquake"
"Orange glow and choking smoke coming from the old warehouse around Hubballi. Please avoid the road.","Fire"
"A dilapidated house crumbled while its residents were sleeping. A thick cloud of dust covered the whole lane. The owner has not yet been traced.","Building Collapse"
"Residential fire reported, family members trapped on the terrace. Nearby buildings are being emptied as a precaution. Firefighters are trying to bring it under control.","Fire"
"Several roads have become impassable after water levels rose rapidly following continuous rainfall.","Flood"
"Locals say oxygen supply to a hospital is running dangerously low at Mangaluru. Health workers have set up a temporary camp.","Other"
"Flames are racing across a dry grassland and jumping to nearby scrub. The terrain makes it hard for crews to reach the area. Fire watchers have been posted around the village.","Wildfire"
"everyone in the office felt the floor move; we evacuated to the parking lot","Earthquake"
"Several vehicles were involved after one car lost control on the highway near Hubballi. Passersby pulled the injured out of the wreckage. Ambulances are taking the injured to the nearest hospital.","Road Accident"
"traffic accident at the junction at Yelahanka, an auto is lying overturned. Airbags deployed but the driver is trapped.","Road Accident"
"A bus and a truck collided head-on, leaving many passengers injured. The driver fled from the spot.","Road Accident"
"Alert: residential fire reported, family members trapped on the terrace. People are trapped inside.","Fire"
"Extremely severe storm expected to cross the coast in a few hours, with gale-force winds forecast. Evacuation of coastal villages is underway.","Cyclone"
"A bus depot is burning and several parked vehicles have been gutted. People are trapped inside. Emergency services have been alerted.","Fire"
"Muddy debris flowed down the steep slope and covered the road in Shivamogga. The road has been closed in both directions. Travellers are advised to take an alternate route.","Landslide"
"traffic is stuck because loose soil and stones have come down across the mountain road around Kolkata. The road has been closed in both directions","Landslide"
"Reports coming in that thick black smoke is pouring out of a residential block. Cylinders are being removed from nearby shops. Firefighters are trying to bring it under control.","Fire"
"Sections of a commercial complex have fallen in on themselves in Kalaburagi. Sniffer dogs are being used to look for survivors. The owner has not yet been traced.","Building Collapse"
"State transport bus veered off the road and fell into a ditch. Ambulances are taking the injured to the nearest hospital.","Road Accident"
"Estate workers' lines were swept away when the hillside slumped. Excavators cannot reach the spot yet.","Landslide"
"A short circuit is believed to have started a fire in an office tower. Power supply to the area has been cut.","Fire"
"Muddy debris flowed down the steep slope and covered the road around Shivamogga. Trees were uprooted and carried down with the soil.","Landslide"
"Residential fire reported, family members trapped on the terrace.","Fire"
"State transport bus veered off the road and fell into a ditch near Mumbai. The driver fled from the spot. Drive carefully around the area.","Road Accident"
"Tonnes of earth slipped from the embankment and blocked the railway track near Rajarajeshwari Nagar.","Landslide"
"A multi-storey building gave way without warning and people are trapped under the rubble. The structure had reportedly been declared unsafe. NDRF personnel have arrived","Building Collapse"
"Ammonia leak from a cold storage unit at Hyderabad is causing breathing difficulty for workers. Some residents have complained of dizziness.","Other"
"A transformer blew up with a loud explosion and left the street in darkness. The shock was felt in nearby streets. Ambulances are shuttling the injured.","Explosion"
"An explosion at a chemical unit sent debris flying across the compound. The cause is not yet known.","Explosion"
"Urgent: fire in the woodland has been burning since last night and is now moving uphill. Fire watchers have been posted around the village.","Wildfire"
"Breaking: sudden outbreak of illness at a hostel; many students are being admitted to hospital. The area has been barricaded. Emergency teams have been informed.","Other"
"Breaking: earthquake reported around Hebbal, people are standing outside their homes. People are afraid to go back indoors. Authorities are checking for structural damage.","Earthquake"
"Tropical storm brought violent gusts and sheets of rain, and hoardings have been blown away around Mumbai. The meteorological department has updated its track forecast.","Cyclone"
"We heard a deafening boom and saw a mushroom of smoke rising in Koramangala. The cause is not yet known.","Explosion"
"Pedestrian knocked down by a speeding vehicle on the main road.","Road Accident"
"The ground started shaking suddenly and furniture moved across the room at Hosur Road. People are afraid to go back indoors.","Earthquake"
"Breaking: A major fire has broken out in a commercial building in Rajarajeshwari Nagar. Several floors are affected.","Fire"
"A magnitude 5 quake was recorded and the shaking was felt in several districts. Disaster management teams are surveying the area. Please share.","Earthquake"
"under-construction apartment block fell down in a heap of concrete. Sniffer dogs are being used to look for survivors","Building Collapse"
"Rescuers are pulling survivors from the remains of a three-storey house that pancaked near Koramangala. Adjoining buildings have been evacuated.","Building Collapse"
"Strong tremors felt across the area near Hubballi. Experts warn that aftershocks are possible.","Earthquake"
"Flights and ferries suspended as the cyclone nears the coast at Hosur Road. Trains on the coastal line have been cancelled.","Cyclone"
"the ground started shaking suddenly and furniture moved across the room in Shivamogga. Water in overhead tanks was sloshing over","Earthquake"
"Oxygen supply to a hospital is running dangerously low. Some residents have complained of dizziness. Emergency teams have been informed.","Other"
"An explosion at a chemical unit sent debris flying across the compound. The shock was felt in nearby streets. Emergency crews are checking for secondary blasts.","Explosion"
"Car crashed into a parked container truck in dense fog. Some passengers were thrown out of the vehicle. A crane is being called to remove the vehicles.","Road Accident"
"We heard a deafening boom and saw a mushroom of smoke rising. Ears were ringing for people standing close by.","Explosion"
"A blaze is tearing through a row of shops around Mumbai.","Fire"
"Just heard that residents of high-rise apartments near Kodagu rushed downstairs as the whole building began vibrating. People are afraid to go back indoors.","Earthquake"
"Gas explosion in a residential lane has damaged the front of two houses. The cause is not yet known. Police have sealed the area.","Explosion"
"Foul-smelling chemical leak from a storage tank in Chennai, residents complaining of burning eyes and cough. Many people are anxious and waiting for information. Please follow official advice.","Other"
"extremely severe storm expected to cross the coast in a few hours, with gale-force winds forecast. Mobile towers have gone down. Officials are tracking the system hourly","Cyclone"
"Update: water has entered several houses. Mobile networks are patchy.","Flood"
"Muddy debris flowed down the steep slope and covered the road at Mangaluru. Trees were uprooted and carried down with the soil. Please avoid the ghat section tonight.","Landslide"
"Residents report that tap water has turned yellow and smells of sewage near Indiranagar; several people are sick. Please follow official advice.","Other"
"Bike skidded and collided with an oncoming car, the rider is unconscious. Traffic is backed up for miles.","Road Accident"
"Dry leaves and brush caught fire and strong winds are fanning it through the trees.","Wildfire"
"Ceiling of a community hall fell on the gathering, several people under concrete slabs.","Building Collapse"
"Road completely flooded after hours of rain in Hosur Road.","Flood"
"Slope failure near a construction site has sent mud and debris onto the lane below. Trees were uprooted and carried down with the soil.","Landslide"
"A pedestrian bridge has developed serious cracks and has been closed to the public at Chennai. Authorities are investigating the cause.","Other"
"Cracks have appeared on walls after a strong seismic event near Electronic City. Gas supply was shut off as a precaution. Schools have been asked to inspect their buildings.","Earthquake"
"Flames are racing across a dry grassland and jumping to nearby scrub.","Wildfire"
"Basements are filling up with water and residents cannot get their vehicles out. The water level is still going up.","Flood"
"Severe cyclonic storm has begun lashing the shoreline, with huge waves crashing over the sea wall. Fishermen are advised not to venture into the sea. Please keep a battery-powered radio ready.","Cyclone"
"Sudden detonation-like sound from the workshop, and people are running away.","Explosion"
"Trekkers were evacuated after flames swept through the dry forest trail.","Wildfire"
"A pedestrian bridge has developed serious cracks and has been closed to the public. Emergency teams have been informed","Other"
"Gas explosion in a residential lane at Hosur Road has damaged the front of two houses. Several workers have been rushed to hospital. Bomb disposal and forensic teams have been informed.","Explosion"
"A tempo traveller rammed into a divider at Chikkamagaluru and rolled over. Traffic police are clearing the stretch.","Road Accident"
"Rescuers are pulling survivors from the remains of a three-storey house that pancaked. Neighbours are digging with their bare hands.","Building Collapse"
"The old lodge partially collapsed in the night at Koramangala, leaving a huge pile of bricks and beams. The structure had reportedly been declared unsafe. Municipal engineers are inspecting nearby structures.","Building Collapse"
"Dust cloud rose after an old tenement building folded down in Bannerghatta Road. Ambulances are waiting at the site.","Building Collapse"
"Extremely severe storm expected to cross the coast in a few hours near Mumbai, with gale-force winds forecast. The meteorological department has updated its track forecast. Relief teams are on standby.","Cyclone"
"Breaking: traffic is stuck because loose soil and stones have come down across the mountain road at Chennai. Trees were uprooted and carried down with the soil.","Landslide"
"Locals say mass fainting was reported among factory workers due to unidentified fumes.","Other"
"Speeding cab jumped the median and hit vehicles coming from the other side at Kolkata. Passersby pulled the injured out of the wreckage.","Road Accident"
"A powerful explosion ripped through a factory, shattering windows of nearby buildings. Ears were ringing for people standing close by.","Explosion"
"Huge blast heard near the industrial area at Chennai. Officials have started an inquiry. Please share.","Explosion"
"Fumes from a pesticide store are drifting into a residential area.","Other"
"Gas leak reported in a residential lane; the supply has been shut and no ignition has occurred. Health workers have set up a temporary camp.","Other"
"motorists are honking in a long jam behind a wrecked sedan and a mangled scooter in Tumakuru","Road Accident"
"Just heard that vehicles collided at high speed near the flyover in Hosur Road, glass and metal strewn across the lanes. Please use the service road.","Road Accident"
"Alert: ground-floor homes are underwater and families are moving to rooftops. Residents say the water rose within an hour.","Flood"
"Flames have engulfed a godown storing packaging material at Pune. Cylinders are being removed from nearby shops. Several fire units are still working on it.","Fire"
"The subway is submerged and commuters are wading through waist-high water. Drinking water supply has stopped. Disaster response teams have been called.","Flood"
"Pressure vessel ruptured violently at a manufacturing plant. Please stay away from the site.","Explosion"
"fire broke out near the main road near Whitefield. Residents are running out onto the street.","Fire"
"An overloaded tipper hit a line of cars waiting at the signal in Kalaburagi. Passersby pulled the injured out of the wreckage.","Road Accident"
"Hanging lamps swayed and utensils rattled for several seconds in Silk Board junction. Children were crying and neighbours gathered in the open.","Earthquake"
"Water released from the dam is rising rapidly along the riverside villages. Residents say the water rose within an hour.","Flood"
"Just heard that buildings shook for nearly half a minute and people ran out onto the streets near Tumakuru. People are afraid to go back indoors.","Earthquake"
"Ammonia leak from a cold storage unit is causing breathing difficulty for workers.","Other"
"many streets are under water at Sarjapur Road. Pumps are being deployed to clear the water.","Flood"
"grass fire spreading on the foothills around Peenya, it has already crossed a track and is heading toward the plantation. Locals are advised to avoid the forest area","Wildfire"
"Update: hillside debris all over the ghat section near Bannerghatta Road, no vehicle can pass.","Landslide"
"The hotel's second floor is on fire and guests are being brought down by ladders at Rajarajeshwari Nagar. Residents are running out onto the street. Firefighters are trying to bring it under control.","Fire"
"Felt a jolt followed by a rolling shake, ceiling fans swinging wildly. People are afraid to go back indoors.","Earthquake"
"A major water pipeline has failed and thousands of households have no supply in Shivamogga.","Other"
"Large-scale power outage has left hospitals running on backup generators. The source is being identified. Health officials are collecting samples.","Other"
"Locals say whole hillsides glowing orange at night as the forest burns. Nearby settlements are on alert.","Wildfire"
"A section of the mountain crumbled after days of rain, leaving the pass full of rubble. More cracks are visible on the hillside.","Landslide"
"Residents report that tap water has turned yellow and smells of sewage; several people are sick. Many people are anxious and waiting for information. Emergency teams have been informed. Any updates?","Other"
"Fire in the woodland has been burning since last night and is now moving uphill. The terrain makes it hard for crews to reach the area.","Wildfire"
"Winds gusting over 100 km/h are uprooting trees and tearing off roofing sheets near Belagavi.","Cyclone"
"Gas leak reported in a residential lane; the supply has been shut and no ignition has occurred.","Other"
"Rescuers are pulling survivors from the remains of a three-storey house that pancaked. A thick cloud of dust covered the whole lane. Please keep the road clear for rescue vehicles.","Building Collapse"
"Eyewitnesses report that forest fire spreading rapidly through dry undergrowth. Strong winds are pushing the flames. Locals are advised to avoid the forest area.","Wildfire"
"Breaking: wildfire has reached the edge of a national park around Koramangala, and animals are seen fleeing. Villagers have been asked to stay alert.","Wildfire"
"Cyclone landfall has caused power lines to snap across the coastal belt. Please keep a battery-powered radio ready.","Cyclone"
"Basements are filling up with water and residents cannot get their vehicles out. Electricity has been switched off in the area.","Flood"
"The lake breached its bund and water is spreading into nearby layouts. Schools have been shut for the day. Pumps are being deployed to clear the water.","Flood"
"Radiation warning sign found at an abandoned clinic at Shivamogga, and the area has been cordoned off. Hospitals have been told to be ready.","Other"
"hillside debris all over the ghat section, no vehicle can pass. The road has been closed in both directions.","Landslide"
"Hanging lamps swayed and utensils rattled for several seconds at Kolkata. People are afraid to go back indoors.","Earthquake"
"Urgent: slope failure near a construction site in Marathahalli has sent mud and debris onto the lane below. Rescuers are digging through the mud by hand.","Landslide"
"Urgent: panic as the earth trembled in the early hours. People are afraid to go back indoors.","Earthquake"
"road completely flooded after hours of rain. Residents say the water rose within an hour","Flood"
"Panic as the earth trembled in the early hours.","Earthquake"
"Ash falling on villages near the forest as the blaze spreads across the ridge. The fire is moving faster than the crews can cut breaks. Nearby settlements are on alert.","Wildfire"
"Sudden outbreak of illness at a hostel at Hebbal; many students are being admitted to hospital.","Other"
"Buildings shook for nearly half a minute and people ran out onto the streets. Some old houses have developed cracks. Authorities are checking for structural damage.","Earthquake"
"Fire in the woodland around Tumakuru has been burning since last night and is now moving uphill. Stay safe everyone.","Wildfire"
"Cyclone approaching the coast near Belagavi, fishermen have been told to return to harbour. Fishermen are advised not to venture into the sea.","Cyclone"
"Fishing boats are being hauled ashore as a deep depression turns into a cyclonic storm at Bannerghatta Road. Coastal roads are littered with fallen trees.","Cyclone"
"Road blocked by mud and rocks that came down from the slope.","Landslide"
"Sudden outbreak of illness at a hostel near Mumbai; many students are being admitted to hospital. Emergency teams have been informed.","Other"
"Dry leaves and brush caught fire near Koramangala and strong winds are fanning it through the trees. Forest guards and volunteers are trying to contain it.","Wildfire"
"The roof of an old market caved in during business hours near Bengaluru. Labourers are believed to be under the debris. Rescue teams are working through the night.","Building Collapse"
"Urgent: gas explosion in a residential lane has damaged the front of two houses. Please stay away from the site.","Explosion"
"cyclone approaching the coast, fishermen have been told to return to harbour. Mobile towers have gone down. Please keep a battery-powered radio ready","Cyclone"
"Urgent: ceiling of a community hall fell on the gathering, several people under concrete slabs. A thick cloud of dust covered the whole lane. Rescue teams are working through the night.","Building Collapse"
"Road blocked by mud and rocks that came down from the slope around Jayanagar. Excavators cannot reach the spot yet. Stay safe everyone.","Landslide"
"Road blocked by mud and rocks that came down from the slope around Mysuru. Rescuers are digging through the mud by hand.","Landslide"
"Alert: multiple aftershocks have been felt through the night. Water in overhead tanks was sloshing over. Please keep phone lines free for emergencies.","Earthquake"
"The hotel's second floor is on fire and guests are being brought down by ladders around Bengaluru. Two people are feared to be inside.","Fire"
"Breaking: ash falling on villages near the forest as the blaze spreads across the ridge. Fire watchers have been posted around the village.","Wildfire"
"A powerful explosion ripped through a factory, shattering windows of nearby buildings. Several workers have been rushed to hospital. Ambulances are shuttling the injured.","Explosion"
"A section of the mountain crumbled after days of rain, leaving the pass full of rubble. Rescuers are digging through the mud by hand","Landslide"
"Trees are down on every road after the storm's strongest winds hit around Indiranagar. Sea is extremely rough with huge swells.","Cyclone"
"Reports coming in that grass fire spreading on the foothills around Electronic City, it has already crossed a track and is heading toward the plantation. The blaze is visible from far away at night.","Wildfire"
"Blast in a scrapyard near Kodagu was felt over a kilometre away. Emergency crews are checking for secondary blasts.","Explosion"
"Residential fire reported at Silk Board junction, family members trapped on the terrace. Cylinders are being removed from nearby shops. Emergency services have been alerted.","Fire"
"The ground started shaking suddenly and furniture moved across the room around Belagavi. Water in overhead tanks was sloshing over. Disaster management teams are surveying the area.","Earthquake"
"Dry leaves and brush caught fire and strong winds are fanning it through the trees. Hundreds of hectares have been affected.","Wildfire"
"Pedestrian knocked down by a speeding vehicle on the main road around Indiranagar.","Road Accident"
"Dry leaves and brush caught fire and strong winds are fanning it through the trees. Wild animals are moving toward the villages. Locals are advised to avoid the forest area.","Wildfire"
"Urgent: flames have engulfed a godown storing packaging material. Several fire units are still working on it.","Fire"
"Overnight downpour left entire neighbourhoods cut off at Electronic City, with water still rising. Electricity has been switched off in the area. Please avoid travelling through this stretch.","Flood"
"Eyewitnesses report that loud explosion reported at Mumbai, car alarms going off across the neighbourhood. Ears were ringing for people standing close by. Police have sealed the area.","Explosion"
"Vehicles collided at high speed near the flyover, glass and metal strewn across the lanes.","Road Accident"
"Red alert has been issued for the coast as the cyclone intensifies around Hosur Road. Coastal roads are littered with fallen trees. Please keep a battery-powered radio ready.","Cyclone"
"Several roads have become impassable after water levels rose rapidly following continuous rainfall in Kolkata. Disaster response teams have been called.","Flood"
"Urgent: seismologists have recorded an earthquake with its epicentre close to Belagavi. Schools have been asked to inspect their buildings.","Earthquake"
"Seismologists have recorded an earthquake with its epicentre close to Sarjapur Road. Water in overhead tanks was sloshing over.","Earthquake"
"Loud explosion reported in Mumbai, car alarms going off across the neighbourhood. Bomb disposal and forensic teams have been informed.","Explosion"
"A pedestrian bridge has developed serious cracks and has been closed to the public. Hospitals have been told to be ready. Authorities are investigating the cause.","Other"
"Orange glow and choking smoke coming from the old warehouse in Rajarajeshwari Nagar. Power supply to the area has been cut. Please avoid the road.","Fire"
"Two-wheeler rider hit by a speeding lorry in Yelahanka. Ambulances are taking the injured to the nearest hospital.","Road Accident"
"hanging lamps swayed and utensils rattled for several seconds in Yelahanka. Schools have been asked to inspect their buildings","Earthquake"
"Eyewitnesses report that residents of high-rise apartments in Chikkamagaluru rushed downstairs as the whole building began vibrating. Social media is full of people asking if others felt it. Experts warn that aftershocks are possible.","Earthquake"
"Urgent: scaffolding and the slab it was holding up came crashing down at a construction site. Labourers are believed to be under the debris. Please keep the road clear for rescue vehicles.","Building Collapse"
"Loud explosion reported at Koramangala, car alarms going off across the neighbourhood. The cause is not yet known. Bomb disposal and forensic teams have been informed.","Explosion"
"Burning plastic smell and heavy smoke from a scrapyard. Power supply to the area has been cut. Firefighters are trying to bring it under control.","Fire"
"Just heard that pedestrian knocked down by a speeding vehicle on the main road in Mumbai. Several people are lying on the road. Traffic police are clearing the stretch.","Road Accident"
"Breaking: winds gusting over 100 km/h are uprooting trees and tearing off roofing sheets in Kodagu.","Cyclone"
"Hanging lamps swayed and utensils rattled for several seconds near Bengaluru. Metro services were briefly halted. Please keep phone lines free for emergencies.","Earthquake"
"Ground-floor homes are underwater and families are moving to rooftops. Traffic police have diverted vehicles.","Flood"
"Blast in a scrapyard in Jayanagar was felt over a kilometre away. The shock was felt in nearby streets.","Explosion"
"Earthquake reported, people are standing outside their homes. Children were crying and neighbours gathered in the open. Experts warn that aftershocks are possible.","Earthquake"
"Alert: vehicles collided at high speed near the flyover in Bengaluru, glass and metal strewn across the lanes. Passersby pulled the injured out of the wreckage. Ambulances are taking the injured to the nearest hospital.","Road Accident"
"A bus and a truck collided head-on, leaving many passengers injured.","Road Accident"
"Boulders and debris rolled down the hill and crushed a few houses at the base. Police are stopping vehicles at the foothills.","Landslide"
"Bamboo groves and teak trees are burning across several hectares. The fire is moving faster than the crews can cut breaks. Nearby settlements are on alert.","Wildfire"
"Severe cyclonic storm has begun lashing the shoreline, with huge waves crashing over the sea wall. The meteorological department has updated its track forecast. Officials are tracking the system hourly.","Cyclone"
"Dust cloud rose after an old tenement building folded down. Neighbours are digging with their bare hands.","Building Collapse"
"forest department staff are cutting fire lines to stop the blaze from reaching villages near Bannerghatta Road. Forest guards and volunteers are trying to contain it","Wildfire"
"Seismic activity woke residents at dawn and dogs began barking all over the neighbourhood. Children were crying and neighbours gathered in the open. Schools have been asked to inspect their buildings.","Earthquake"
"A pedestrian bridge has developed serious cracks and has been closed to the public. Officials are asking people to keep windows closed. Authorities are investigating the cause.","Other"
"Soil collapse on the hill road has cut off several villages. Trees were uprooted and carried down with the soil. Police are stopping vehicles at the foothills.","Landslide"
"Large-scale power outage has left hospitals running on backup generators around Delhi. Officials are asking people to keep windows closed.","Other"
"Seismologists have recorded an earthquake with its epicentre close to Shivamogga. People are afraid to go back indoors. Any updates?","Earthquake"
"Whole hillsides glowing orange at night as the forest burns near Mysuru. Ash is drifting for miles.","Wildfire"
"Extremely severe storm expected to cross the coast in a few hours near Tumakuru, with gale-force winds forecast. Residents are asked to stay indoors.","Cyclone"
"Sections of a commercial complex have fallen in on themselves. Neighbours are digging with their bare hands. NDRF personnel have arrived.","Building Collapse"
"Fire in the reserve forest near Peenya keeps flaring up despite efforts to douse it. Strong winds are pushing the flames.","Wildfire"
"Locals say an explosion at a chemical unit sent debris flying across the compound. Metal pieces landed on rooftops around. Ambulances are shuttling the injured.","Explosion"
"Just heard that cyclone landfall has caused power lines to snap across the coastal belt.","Cyclone"
"hillside debris all over the ghat section, no vehicle can pass. Please avoid the ghat section tonight.","Landslide"
"Locals say large-scale power outage has left hospitals running on backup generators. Hospitals have been told to be ready.","Other"
"Gas explosion in a residential lane has damaged the front of two houses. Debris is scattered over a wide area. Please stay away from the site.","Explosion"
"under-construction apartment block fell down in a heap of concrete. Rescue teams are working through the night","Building Collapse"
"The river has overflowed its banks and low-lying colonies are submerged. Rescue teams are on their way.","Flood"
"loud bang followed by a shockwave that rattled shops. Injured people are being carried out on stretchers.","Explosion"
"Reports coming in that the upper floors of a shopping complex are covered in smoke and flames in Rajarajeshwari Nagar. Please avoid the road.","Fire"
"A dilapidated house crumbled while its residents were sleeping. Ambulances are waiting at the site.","Building Collapse"
"Breaking: loud cracking sounds and then the whole structure sank to the ground at Hebbal. Labourers are believed to be under the debris.","Building Collapse"
"Cyclone landfall has caused power lines to snap across the coastal belt in Belagavi. Any updates?","Cyclone"
"The subway is submerged and commuters are wading through waist-high water.","Flood"
"Speeding cab jumped the median and hit vehicles coming from the other side in Delhi.","Road Accident"
"Update: winds gusting over 100 km/h are uprooting trees and tearing off roofing sheets at Hosur Road. The meteorological department has updated its track forecast.","Cyclone"
"Whole hillsides glowing orange at night as the forest burns near Mumbai. Villagers have been asked to stay alert. Nearby settlements are on alert.","Wildfire"
"Hanging lamps swayed and utensils rattled for several seconds. Social media is full of people asking if others felt it.","Earthquake"
"A school van skidded and hit a tree by the roadside around Mangaluru. The driver fled from the spot. A crane is being called to remove the vehicles.","Road Accident"
"building suddenly collapsed in Koramangala. Labourers are believed to be under the debris.","Building Collapse"
"The upper floors of a shopping complex are covered in smoke and flames near Bengaluru.","Fire"
"Waterlogging on the main road has left cars stranded up to their doors. Schools have been shut for the day.","Flood"
"Under-construction apartment block fell down in a heap of concrete near Pune. Voices can be heard from under the slabs. NDRF personnel have arrived.","Building Collapse"
"Panic as the earth trembled in the early hours near Pune.","Earthquake"
"Multiple aftershocks have been felt through the night.","Earthquake"
"Basements are filling up with water and residents cannot get their vehicles out. Two-wheelers are floating down the lane.","Flood"
"Extremely severe storm expected to cross the coast in a few hours at Shivamogga, with gale-force winds forecast. The meteorological department has updated its track forecast. Evacuation of coastal villages is underway.","Cyclone"
"Earthquake reported around Tumakuru, people are standing outside their homes. Some old houses have developed cracks. Pray for everyone affected.","Earthquake"
"Locals say massive fire near the market area. Smoke visible from several blocks. Shopkeepers are trying to save stock.","Fire"
"Rescue boats are being used to bring people out of inundated apartments. Electricity has been switched off in the area.","Flood"
"The roof of an old market caved in during business hours in Belagavi. Municipal engineers are inspecting nearby structures.","Building Collapse"
"Reports coming in that the river has overflowed its banks and low-lying colonies are submerged. Electricity has been switched off in the area. Volunteers are distributing food packets.","Flood"
"Foul-smelling chemical leak from a storage tank at Hosur Road, residents complaining of burning eyes and cough.","Other"
"Under-construction apartment block fell down in a heap of concrete. Rescue teams are working through the night.","Building Collapse"
"Rescue boats are being used to bring people out of inundated apartments. Pumps are being deployed to clear the water.","Flood"
"Road completely flooded after hours of rain around Shivamogga.","Flood"
"Thatched huts along the beach have been ripped apart by the fierce storm winds near Sarjapur Road. Mobile towers have gone down. Stay safe everyone.","Cyclone"
"Red alert has been issued for the coast as the cyclone intensifies at Hebbal. Relief teams are on standby.","Cyclone"
"State transport bus veered off the road and fell into a ditch. The front of the car is completely crushed.","Road Accident"
"Motorists are honking in a long jam behind a wrecked sedan and a mangled scooter. Passersby pulled the injured out of the wreckage. Drive carefully around the area.","Road Accident"
"We heard a deafening boom and saw a mushroom of smoke rising at Hubballi. There is dust and smoke hanging over the site.","Explosion"
"hillside debris all over the ghat section near Kodagu, no vehicle can pass. Loose rocks are still coming down. Officials warn of further slips if rain continues.","Landslide"
"Trekkers were evacuated after flames swept through the dry forest trail. Authorities are assessing the damage to the reserve.","Wildfire"
"Gas explosion in a residential lane at Koramangala has damaged the front of two houses.","Explosion"
"Eyewitnesses report that vehicles collided at high speed near the flyover near Kodagu, glass and metal strewn across the lanes. The front of the car is completely crushed.","Road Accident"
"Reports coming in that fishing boats are being hauled ashore as a deep depression turns into a cyclonic storm. Officials are tracking the system hourly.","Cyclone"
"Several vehicles were involved after one car lost control on the highway near Bengaluru.","Road Accident"
"The sky went dark and the wind howled all night as the cyclone crossed the coast. Please keep a battery-powered radio ready.","Cyclone"
"Buildings shook for nearly half a minute and people ran out onto the streets. Social media is full of people asking if others felt it.","Earthquake"
"Just heard that people were asked to leave their homes and gather at the community centre as a precaution, though the reason is unclear. Health workers have set up a temporary camp. Emergency teams have been informed.","Other"
"the hillside gave way after several hours of heavy rain, covering the highway with soil and rocks around Kolkata. More cracks are visible on the hillside. Disaster teams have reached the spot","Landslide"
"Massive fire near the market area at Tumakuru. Smoke visible from several blocks. Water tankers are being called in.","Fire"
"The roof of an old market caved in during business hours at Chikkamagaluru. Labourers are believed to be under the debris. Please keep the road clear for rescue vehicles. Any updates?","Building Collapse"
"grass fire spreading on the foothills, it has already crossed a track and is heading toward the plantation. Strong winds are pushing the flames. Authorities are assessing the damage to the reserve","Wildfire"
"Urgent: winds gusting over 100 km/h are uprooting trees and tearing off roofing sheets.","Cyclone"
"Breaking: people were asked to leave their homes and gather at the community centre in Hyderabad as a precaution, though the reason is unclear. Authorities are investigating the cause.","Other"
"loud explosion reported, car alarms going off across the neighbourhood. Ambulances are shuttling the injured","Explosion"
"The hotel's second floor is on fire and guests are being brought down by ladders near Hyderabad. The smoke is visible from a kilometre away. Police have cordoned off the lane.","Fire"
"Everyone in the office felt the floor move; we evacuated to the parking lot in Mysuru.","Earthquake"
"Alert: sudden detonation-like sound from the workshop in Yelahanka, and people are running away. Injured people are being carried out on stretchers.","Explosion"
"Loud explosion reported around Silk Board junction, car alarms going off across the neighbourhood. Officials have started an inquiry.","Explosion"
"The roof of an old market caved in during business hours. Rescue teams are working through the night. Any updates?","Building Collapse"
"The hillside gave way after several hours of heavy rain, covering the highway with soil and rocks around Koramangala. Excavators cannot reach the spot yet.","Landslide"
"Bike skidded and collided with an oncoming car, the rider is unconscious. Several people are lying on the road. A crane is being called to remove the vehicles.","Road Accident"
"An apartment kitchen caught fire and the flames spread to neighbouring flats.","Fire"
"Locals say hillside debris all over the ghat section at Electronic City, no vehicle can pass. Please avoid the ghat section tonight.","Landslide"
"Locals say fishing boats are being hauled ashore as a deep depression turns into a cyclonic storm near Mumbai. Schools and colleges are closed.","Cyclone"
"Alert: red alert has been issued for the coast as the cyclone intensifies around Belagavi. Schools and colleges are closed.","Cyclone"
"Eyewitnesses report that pedestrian knocked down by a speeding vehicle on the main road near Tumakuru. Police have reached the spot and are diverting traffic.","Road Accident"
"Alert: dry leaves and brush caught fire near Sarjapur Road and strong winds are fanning it through the trees. Villagers have been asked to stay alert. Helicopters may be used to douse the flames.","Wildfire"
"Just heard that A balcony slab and the floors below it have caved in. Sniffer dogs are being used to look for survivors.","Building Collapse"
"Water has entered several houses. Locals are asking for boats. Disaster response teams have been called.","Flood"
"Oxygen supply to a hospital is running dangerously low. The source is being identified.","Other"
"Soil collapse on the hill road has cut off several villages. More cracks are visible on the hillside. Officials warn of further slips if rain continues. Pray for everyone affected.","Landslide"
"Urgent: fire in the reserve forest around Bengaluru keeps flaring up despite efforts to douse it. Hundreds of hectares have been affected. Forest guards and volunteers are trying to contain it.","Wildfire"
"An overloaded tipper hit a line of cars waiting at the signal. Traffic is backed up for miles. A crane is being called to remove the vehicles.","Road Accident"
"Eyewitnesses report that seismic activity woke residents at dawn and dogs began barking all over the neighbourhood. People are afraid to go back indoors. Disaster management teams are surveying the area.","Earthquake"
"Strong tremors felt across the area. Schools have been asked to inspect their buildings. Pray for everyone affected.","Earthquake"
"Just heard that red alert has been issued for the coast as the cyclone intensifies.","Cyclone"
"Breaking: basements are filling up with water and residents cannot get their vehicles out. Two-wheelers are floating down the lane. Rescue teams are on their way.","Flood"
"The lake breached its bund and water is spreading into nearby layouts. Rescue teams are on their way.","Flood"
"Wildfire has reached the edge of a national park in Bengaluru, and animals are seen fleeing. Ash is drifting for miles. Locals are advised to avoid the forest area.","Wildfire"
"Several roads have become impassable after water levels rose rapidly following continuous rainfall at Kolkata. The water level is still going up. Please avoid travelling through this stretch.","Flood"
"A transformer blew up with a loud explosion and left the street in darkness. Injured people are being carried out on stretchers. Police have sealed the area","Explosion"
"Gas explosion in a residential lane has damaged the front of two houses. Debris is scattered over a wide area. Police have sealed the area.","Explosion"
"Whole hillsides glowing orange at night as the forest burns. Fire watchers have been posted around the village.","Wildfire"
"Fields and hamlets along the canal are underwater after the embankment gave way. Electricity has been switched off in the area. Volunteers are distributing food packets.","Flood"
"Eyewitnesses report that trees are down on every road after the storm's strongest winds hit. Trains on the coastal line have been cancelled. Evacuation of coastal villages is underway.","Cyclone"
"Speeding cab jumped the median and hit vehicles coming from the other side around Kolkata. Some passengers were thrown out of the vehicle.","Road Accident"
"Rescuers are pulling survivors from the remains of a three-storey house that pancaked in Kolkata. Voices can be heard from under the slabs.","Building Collapse"
"speeding cab jumped the median and hit vehicles coming from the other side. Drive carefully around the area","Road Accident"
"Breaking: muddy debris flowed down the steep slope and covered the road around Bengaluru. Officials warn of further slips if rain continues.","Landslide"
"Loud cracking sounds and then the whole structure sank to the ground. Voices can be heard from under the slabs. The owner has not yet been traced.","Building Collapse"
"fire broke out near the main road at Tumakuru. Police have cordoned off the lane.","Fire"
"Winds gusting over 100 km/h are uprooting trees and tearing off roofing sheets.","Cyclone"
"Estate workers' lines were swept away when the hillside slumped around Silk Board junction. Villagers heard a rumbling sound before it came down.","Landslide"
"Vehicles collided at high speed near the flyover at Sarjapur Road, glass and metal strewn across the lanes. Oil is spilled across the carriageway.","Road Accident"
"The river has overflowed its banks and low-lying colonies are submerged. Drinking water supply has stopped. Please avoid travelling through this stretch. Stay safe everyone.","Flood"
"Radiation warning sign found at an abandoned clinic, and the area has been cordoned off. Hospitals have been told to be ready.","Other"
